CO2011,D100
CO2012,D100
CO2021,D100
CO2022,D100
CO2031,D100
CO2032,D100
CO2041,D100
CO2042,D100
CO2051,D100
CO2052,D100
CO2111,D100
CO2112,D100
CO2121,D100
CO2122,D100
CO2131,D100
CO2132,D100
CO2141,D100
CO2142,D100
CO2151,D100
CO2152,D100
CO2211,D100
CO2212,D100
CO2221,D100
CO2222,D100
CO2231,D100
CO2232,D100
CO2241,D100
CO2242,D100
CO2251,D100
CO2252,D100
CO2311,D100
CO2312,D100
CO2321,D100
CO2322,D100
CO2331,D100
CO2332,D100
CO2341,D100
CO2342,D100
CO2351,D100
CO2352,D100
CO2411,D100
CO2412,D100
CO2421,D100
CO2422,D100
CO2431,D100
CO2432,D100
CO2441,D100
CO2442,D100
CO2451,D100
CO2452,D100
CO2461,D100
CO2462,D100
CO2511,D100
CO2512,D100
CO2521,D100
CO2522,D100
CO2531,D100
CO2532,D100
CO2541,D100
CO2542,D100
CO2551,D100
CO2552,D100
CO2561,D100
CO2562,D100
CO2611,D100
CO2612,D100
CO2621,D100
CO2622,D100
CO2631,D100
CO2632,D100
CO2641,D100
CO2651,D100
CO2652,D100
CO2661,D100
CO2662,D100
CO2711,D100
CO2712,D100
CO2721,D100
CO2722,D100
CO2731,D100
CO2732,D100
CO2741,D100
CO2742,D100
CO2751,D100
CO2752,D100
CO2761,D100
CO2762,D100
CO2811,D100
CO2812,D100
CO2821,D100
CO2822,D100
CO2831,D100
CO2832,D100
CO2841,D100
CO2842,D100
CO2851,D100
CO2852,D100
CO2861,D100
CO2862,D100
CO2911,D100
CO2912,D100
CO2921,D100
CO2922,D100
CO2931,D100
CO2932,D100
CO2941,D100
CO2942,D100
CO2951,D100
CO2952,D100
CO2961,D100
CO2962,D100
CO3011,D100
CO3012,D100
CO3021,D100
CO3022,D100
CO3031,D100
CO3032,D100
CO3041,D100
CO3042,D100
CO3051,D100
CO3052,D100
CO3061,D100
CO3062,D100
CO3111,D100
CO3112,D100
CO3121,D100
CO3122,D100
CO3131,D100
CO3132,D100
CO3141,D100
CO3142,D100
CO3151,D100
CO3152,D100
CO3161,D100
CO3162,D100
CO3211,D100
CO3212,D100
CO3221,D100
CO3222,D100
CO3231,D100
CO3232,D100
CO3241,D100
CO3242,D100
CO3251,D100
CO3252,D100
CO3261,D100
CO3262,D100
CO3311,D100
CO3312,D100
CO3321,D100
CO3322,D100
CO3331,D100
CO3332,D100
CO3341,D100
CO3342,D100
CO3351,D100
CO3352,D100
CO3361,D100
CO3362,D100
CO3411,D100
CO3412,D100
CO3421,D100
CO3422,D100
CO3431,D100
CO3432,D100
CO3441,D100
CO3442,D100
CO3451,D100
CO3452,D100
CO3511,D100
CO3512,D100
CO3521,D100
CO3522,D100
CO3531,D100
CO3532,D100
CO3541,D100
CO3542,D100
CO3551,D100
CO3552,D100
CO3561,D100
CO3562,D100
CO3641,D100
CO3642,D100
CO3643,D100
CO3651,D100
CO3652,D100
CO3653,D100
CO3741,D100
CO3742,D100
CO3743,D100
CO3751,D100
CO3752,D100
CO3753,D100
CP2011,D100
CP2012,D100
CP2021,D100
CP2022,D100
CP2031,D100
CP2032,D100
CP2041,D100
CP2042,D100
CP2051,D100
CP2052,D100
CP2111,D100
CP2112,D100
CP2121,D100
CP2122,D100
CP2131,D100
CP2132,D100
CP2141,D100
CP2142,D100
CP2151,D100
CP2152,D100
CP2211,D100
CP2212,D100
CP2221,D100
CP2222,D100
CP2231,D100
CP2232,D100
CP2241,D100
CP2242,D100
CP2251,D100
CP2252,D100
CP2311,D100
CP2312,D100
CP2321,D100
CP2322,D100
CP2331,D100
CP2332,D100
CP2341,D100
CP2342,D100
CP2351,D100
CP2352,D100
CP2411,D100
CP2412,D100
CP2421,D100
CP2422,D100
CP2431,D100
CP2432,D100
CP2441,D100
CP2442,D100
CP2451,D100
CP2452,D100
CP2461,D100
CP2462,D100
CP2511,D100
CP2512,D100
CP2521,D100
CP2522,D100
CP2531,D100
CP2532,D100
CP2541,D100
CP2542,D100
CP2551,D100
CP2552,D100
CP2561,D100
CP2562,D100
CP2611,D100
CP2612,D100
CP2621,D100
CP2622,D100
CP2631,D100
CP2632,D100
CP2641,D100
CP2642,D100
CP2651,D100
CP2652,D100
CP2661,D100
CP2662,D100
CP2711,D100
CP2712,D100
CP2721,D100
CP2722,D100
CP2731,D100
CP2732,D100
CP2741,D100
CP2742,D100
CP2751,D100
CP2752,D100
CP2761,D100
CP2762,D100
CP2811,D100
CP2812,D100
CP2821,D100
CP2822,D100
CP2831,D100
CP2832,D100
CP2841,D100
CP2842,D100
CP2851,D100
CP2852,D100
CP2861,D100
CP2862,D100
CP2911,D100
CP2912,D100
CP2921,D100
CP2922,D100
CP2931,D100
CP2932,D100
CP2941,D100
CP2942,D100
CP2951,D100
CP2952,D100
CP2961,D100
CP2962,D100
CP3011,D100
CP3012,D100
CP3021,D100
CP3022,D100
CP3031,D100
CP3032,D100
CP3041,D100
CP3042,D100
CP3051,D100
CP3052,D100
CP3061,D100
CP3062,D100
CP3111,D100
CP3112,D100
CP3121,D100
CP3122,D100
CP3131,D100
CP3132,D100
CP3141,D100
CP3142,D100
CP3151,D100
CP3152,D100
CP3161,D100
CP3162,D100
CP3211,D100
CP3212,D100
CP3221,D100
CP3222,D100
CP3231,D100
CP3232,D100
CP3241,D100
CP3242,D100
CP3251,D100
CP3252,D100
CP3261,D100
CP3262,D100
CP3311,D100
CP3312,D100
CP3321,D100
CP3322,D100
CP3331,D100
CP3332,D100
CP3341,D100
CP3342,D100
CP3351,D100
CP3352,D100
CP3361,D100
CP3362,D100
CP3411,D100
CP3412,D100
CP3421,D100
CP3422,D100
CP3431,D100
CP3432,D100
CP3441,D100
CP3442,D100
CP3451,D100
CP3452,D100
CP3461,D100
CP3462,D100
CP3511,D100
CP3512,D100
CP3521,D100
CP3522,D100
CP3531,D100
CP3532,D100
CP3541,D100
CP3542,D100
CP3551,D100
CP3552,D100
CP3561,D100
CP3562,D100
CP3641,D100
CP3642,D100
CP3643,D100
CP3651,D100
CP3652,D100
CP3653,D100
CP3741,D100
CP3742,D100
CP3743,D100
CP3751,D100
CP3752,D100
CP3753,D100
CQ2011,D100
CQ2012,D100
CQ2021,D100
CQ2022,D100
CQ2031,D100
CQ2032,D100
CQ2041,D100
CQ2042,D100
CQ2051,D100
CQ2052,D100
CQ2111,D100
CQ2112,D100
CQ2121,D100
CQ2122,D100
CQ2131,D100
CQ2132,D100
CQ2141,D100
CQ2142,D100
CQ2151,D100
CQ2152,D100
CQ2211,D100
CQ2212,D100
CQ2221,D100
CQ2222,D100
CQ2231,D100
CQ2232,D100
CQ2241,D100
CQ2242,D100
CQ2251,D100
CQ2252,D100
CQ2311,D100
CQ2312,D100
CQ2321,D100
CQ2322,D100
CQ2331,D100
CQ2332,D100
CQ2341,D100
CQ2342,D100
CQ2351,D100
CQ2352,D100
CQ2411,D100
CQ2412,D100
CQ2421,D100
CQ2422,D100
CQ2431,D100
CQ2432,D100
CQ2441,D100
CQ2442,D100
CQ2451,D100
CQ2452,D100
CQ2461,D100
CQ2462,D100
CQ2511,D100
CQ2512,D100
CQ2521,D100
CQ2522,D100
CQ2531,D100
CQ2532,D100
CQ2541,D100
CQ2542,D100
CQ2551,D100
CQ2552,D100
CQ2561,D100
CQ2562,D100
CQ2611,D100
CQ2612,D100
CQ2621,D100
CQ2622,D100
CQ2631,D100
CQ2632,D100
CQ2641,D100
CQ2642,D100
CQ2651,D100
CQ2652,D100
CQ2661,D100
CQ2662,D100
CQ2711,D100
CQ2712,D100
CQ2721,D100
CQ2722,D100
CQ2731,D100
CQ2732,D100
CQ2741,D100
CQ2742,D100
CQ2751,D100
CQ2752,D100
CQ2761,D100
CQ2762,D100
CQ2811,D100
CQ2812,D100
CQ2821,D100
CQ2822,D100
CQ2831,D100
CQ2832,D100
CQ2841,D100
CQ2842,D100
CQ2851,D100
CQ2852,D100
CQ2861,D100
CQ2862,D100
CQ2911,D100
CQ2912,D100
CQ2921,D100
CQ2922,D100
CQ2931,D100
CQ2932,D100
CQ2941,D100
CQ2942,D100
CQ2951,D100
CQ2952,D100
CQ2961,D100
CQ2962,D100
CQ3011,D100
CQ3012,D100
CQ3021,D100
CQ3022,D100
CQ3031,D100
CQ3032,D100
CQ3041,D100
CQ3042,D100
CQ3051,D100
CQ3052,D100
CQ3061,D100
CQ3062,D100
CQ3111,D100
CQ3112,D100
CQ3121,D100
CQ3122,D100
CQ3131,D100
CQ3132,D100
CQ3141,D100
CQ3142,D100
CQ3151,D100
CQ3152,D100
CQ3161,D100
CQ3162,D100
CQ3211,D100
CQ3212,D100
CQ3221,D100
CQ3222,D100
CQ3231,D100
CQ3232,D100
CQ3241,D100
CQ3242,D100
CQ3251,D100
CQ3252,D100
CQ3261,D100
CQ3262,D100
CQ3311,D100
CQ3312,D100
CQ3321,D100
CQ3322,D100
CQ3331,D100
CQ3332,D100
CQ3341,D100
CQ3342,D100
CQ3351,D100
CQ3352,D100
CQ3361,D100
CQ3362,D100
CQ3411,D100
CQ3412,D100
CQ3421,D100
CQ3422,D100
CQ3431,D100
CQ3432,D100
CQ3441,D100
CQ3442,D100
CQ3451,D100
CQ3452,D100
CQ3461,D100
CQ3462,D100
CQ3511,D100
CQ3512,D100
CQ3521,D100
CQ3522,D100
CQ3531,D100
CQ3532,D100
CQ3541,D100
CQ3542,D100
CQ3551,D100
CQ3552,D100
CQ3561,D100
CQ3562,D100
CQ3641,D100
CQ3642,D100
CQ3643,D100
CQ3651,D100
CQ3652,D100
CQ3653,D100
CQ3741,D100
CQ3742,D100
CQ3743,D100
CQ3751,D100
CQ3752,D100
CQ3753,D100
CR0511,D100
CR0512,D100
CR0521,D100
CR0522,D100
CR0531,D100
CR0532,D100
CR0541,D100
CR0542,D100
CR0551,D100
CR0552,D100
CR0561,D100
CR0562,D100
CR0611,D100
CR0612,D100
CR0621,D100
CR0622,D100
CR0631,D100
CR0632,D100
CR0641,D100
CR0642,D100
CR0651,D100
CR0652,D100
CR0661,D100
CR0662,D100
CR0711,D100
CR0712,D100
CR0721,D100
CR0722,D100
CR0731,D100
CR0732,D100
CR0741,D100
CR0742,D100
CR0751,D100
CR0752,D100
CR0761,D100
CR0762,D100
CR0811,D100
CR0812,D100
CR0821,D100
CR0822,D100
CR0831,D100
CR0832,D100
CR0841,D100
CR0842,D100
CR0851,D100
CR0852,D100
CR0861,D100
CR0862,D100
CR0911,D100
CR0912,D100
CR0921,D100
CR0922,D100
CR0931,D100
CR0932,D100
CR0941,D100
CR0942,D100
CR0951,D100
CR0952,D100
CR0961,D100
CR0962,D100
CR1011,D100
CR1012,D100
CR1021,D100
CR1022,D100
CR1031,D100
CR1032,D100
CR1041,D100
CR1042,D100
CR1051,D100
CR1052,D100
CR1061,D100
CR1062,D100
CR1111,D100
CR1112,D100
CR1121,D100
CR1122,D100
CR1131,D100
CR1132,D100
CR1141,D100
CR1142,D100
CR1151,D100
CR1152,D100
CR1161,D100
CR1162,D100
CR1211,D100
CR1212,D100
CR1221,D100
CR1222,D100
CR1231,D100
CR1232,D100
CR1241,D100
CR1242,D100
CR1251,D100
CR1252,D100
CR1261,D100
CR1262,D100
CR1311,D100
CR1312,D100
CR1321,D100
CR1322,D100
CR1331,D100
CR1332,D100
CR1341,D100
CR1342,D100
CR1351,D100
CR1352,D100
CR1361,D100
CR1362,D100
CR1411,D100
CR1412,D100
CR1421,D100
CR1422,D100
CR1431,D100
CR1432,D100
CR1441,D100
CR1442,D100
CR1451,D100
CR1452,D100
CR1461,D100
CR1462,D100
CR1511,D100
CR1512,D100
CR1521,D100
CR1522,D100
CR1531,D100
CR1532,D100
CR1541,D100
CR1542,D100
CR1551,D100
CR1552,D100
CR1561,D100
CR1562,D100
CR1611,D100
CR1612,D100
CR1621,D100
CR1622,D100
CR1631,D100
CR1632,D100
CR1641,D100
CR1642,D100
CR1651,D100
CR1652,D100
CR1661,D100
CR1662,D100
CR1741,D100
CR1742,D100
CR1743,D100
CR1751,D100
CR1752,D100
CR1753,D100
CR1841,D100
CR1842,D100
CR1843,D100
CR1851,D100
CR1852,D100
CR1853,D100
CR2011,D100
CR2012,D100
CR2021,D100
CR2022,D100
CR2031,D100
CR2032,D100
CR2041,D100
CR2042,D100
CR2051,D100
CR2052,D100
CR2111,D100
CR2112,D100
CR2121,D100
CR2122,D100
CR2131,D100
CR2132,D100
CR2141,D100
CR2142,D100
CR2151,D100
CR2152,D100
CR2211,D100
CR2212,D100
CR2221,D100
CR2222,D100
CR2231,D100
CR2232,D100
CR2241,D100
CR2242,D100
CR2251,D100
CR2252,D100
CR2311,D100
CR2312,D100
CR2321,D100
CR2322,D100
CR2331,D100
CR2332,D100
CR2341,D100
CR2342,D100
CR2351,D100
CR2352,D100
CR2411,D100
CR2412,D100
CR2421,D100
CR2422,D100
CR2431,D100
CR2432,D100
CR2441,D100
CR2442,D100
CR2451,D100
CR2452,D100
CR2461,D100
CR2462,D100
CR2511,D100
CR2512,D100
CR2521,D100
CR2522,D100
CR2531,D100
CR2532,D100
CR2541,D100
CR2542,D100
CR2551,D100
CR2552,D100
CR2561,D100
CR2562,D100
CR2611,D100
CR2612,D100
CR2621,D100
CR2622,D100
CR2631,D100
CR2632,D100
CR2641,D100
CR2642,D100
CR2651,D100
CR2652,D100
CR2661,D100
CR2662,D100
CR2711,D100
CR2712,D100
CR2721,D100
CR2722,D100
CR2731,D100
CR2732,D100
CR2741,D100
CR2742,D100
CR2751,D100
CR2752,D100
CR2761,D100
CR2762,D100
CR2811,D100
CR2812,D100
CR2821,D100
CR2822,D100
CR2831,D100
CR2832,D100
CR2841,D100
CR2842,D100
CR2851,D100
CR2852,D100
CR2861,D100
CR2862,D100
CR2911,D100
CR2912,D100
CR2921,D100
CR2922,D100
CR2931,D100
CR2932,D100
CR2941,D100
CR2942,D100
CR2951,D100
CR2952,D100
CR2961,D100
CR2962,D100
CR3011,D100
CR3012,D100
CR3021,D100
CR3022,D100
CR3031,D100
CR3032,D100
CR3041,D100
CR3042,D100
CR3051,D100
CR3052,D100
CR3061,D100
CR3062,D100
CR3111,D100
CR3112,D100
CR3121,D100
CR3122,D100
CR3131,D100
CR3132,D100
CR3141,D100
CR3142,D100
CR3151,D100
CR3152,D100
CR3161,D100
CR3162,D100
CR3211,D100
CR3212,D100
CR3221,D100
CR3222,D100
CR3231,D100
CR3232,D100
CR3241,D100
CR3242,D100
CR3251,D100
CR3252,D100
CR3261,D100
CR3262,D100
CR3311,D100
CR3312,D100
CR3321,D100
CR3322,D100
CR3331,D100
CR3332,D100
CR3341,D100
CR3342,D100
CR3351,D100
CR3352,D100
CR3361,D100
CR3362,D100
CR3411,D100
CR3412,D100
CR3421,D100
CR3422,D100
CR3431,D100
CR3432,D100
CR3441,D100
CR3442,D100
CR3451,D100
CR3452,D100
CR3461,D100
CR3462,D100
CR3511,D100
CR3512,D100
CR3521,D100
CR3522,D100
CR3531,D100
CR3532,D100
CR3541,D100
CR3542,D100
CR3551,D100
CR3552,D100
CR3561,D100
CR3562,D100
CR3611,D100
CR3612,D100
CR3641,D100
CR3642,D100
CR3643,D100
CR3651,D100
CR3652,D100
CR3653,D100
CR3711,D100
CR3712,D100
CR3741,D100
CR3742,D100
CR3743,D100
CR3751,D100
CR3752,D100
CR3753,D100
CS0511,D100
CS0512,D100
CS0521,D100
CS0522,D100
CS0531,D100
CS0532,D100
CS0541,D100
CS0542,D100
CS0551,D100
CS0552,D100
CS0561,D100
CS0562,D100
CS0611,D100
CS0612,D100
CS0621,D100
CS0622,D100
CS0631,D100
CS0632,D100
CS0641,D100
CS0642,D100
CS0651,D100
CS0652,D100
CS0661,D100
CS0662,D100
CS0711,D100
CS0712,D100
CS0721,D100
CS0722,D100
CS0731,D100
CS0732,D100
CS0741,D100
CS0742,D100
CS0751,D100
CS0752,D100
CS0761,D100
CS0762,D100
CS0811,D100
CS0812,D100
CS0821,D100
CS0822,D100
CS0831,D100
CS0832,D100
CS0841,D100
CS0842,D100
CS0851,D100
CS0852,D100
CS0861,D100
CS0862,D100
CS0911,D100
CS0912,D100
CS0921,D100
CS0922,D100
CS0931,D100
CS0932,D100
CS0941,D100
CS0942,D100
CS0951,D100
CS0952,D100
CS0961,D100
CS0962,D100
CS1011,D100
CS1012,D100
CS1021,D100
CS1022,D100
CS1031,D100
CS1032,D100
CS1041,D100
CS1042,D100
CS1051,D100
CS1052,D100
CS1061,D100
CS1062,D100
CS1111,D100
CS1112,D100
CS1121,D100
CS1122,D100
CS1131,D100
CS1132,D100
CS1141,D100
CS1142,D100
CS1151,D100
CS1152,D100
CS1161,D100
CS1162,D100
CS1211,D100
CS1212,D100
CS1221,D100
CS1222,D100
CS1231,D100
CS1232,D100
CS1241,D100
CS1242,D100
CS1251,D100
CS1252,D100
CS1261,D100
CS1262,D100
CS1311,D100
CS1312,D100
CS1321,D100
CS1322,D100
CS1331,D100
CS1332,D100
CS1341,D100
CS1342,D100
CS1351,D100
CS1352,D100
CS1361,D100
CS1362,D100
CS1411,D100
CS1412,D100
CS1421,D100
CS1422,D100
CS1431,D100
CS1432,D100
CS1441,D100
CS1442,D100
CS1451,D100
CS1452,D100
CS1461,D100
CS1462,D100
CS1511,D100
CS1512,D100
CS1521,D100
CS1522,D100
CS1531,D100
CS1532,D100
CS1541,D100
CS1542,D100
CS1551,D100
CS1552,D100
CS1561,D100
CS1562,D100
CS1611,D100
CS1612,D100
CS1621,D100
CS1622,D100
CS1631,D100
CS1632,D100
CS1641,D100
CS1642,D100
CS1651,D100
CS1652,D100
CS1661,D100
CS1662,D100
CS1741,D100
CS1742,D100
CS1743,D100
CS1751,D100
CS1752,D100
CS1753,D100
CS1841,D100
CS1842,D100
CS1843,D100
CS1851,D100
CS1852,D100
CS1853,D100
CS2011,D100
CS2012,D100
CS2021,D100
CS2022,D100
CS2031,D100
CS2032,D100
CS2041,D100
CS2042,D100
CS2051,D100
CS2052,D100
CS2111,D100
CS2112,D100
CS2121,D100
CS2122,D100
CS2131,D100
CS2132,D100
CS2141,D100
CS2142,D100
CS2151,D100
CS2152,D100
CS2211,D100
CS2212,D100
CS2221,D100
CS2222,D100
CS2231,D100
CS2232,D100
CS2241,D100
CS2242,D100
CS2251,D100
CS2252,D100
CS2311,D100
CS2312,D100
CS2321,D100
CS2322,D100
CS2331,D100
CS2332,D100
CS2341,D100
CS2342,D100
CS2351,D100
CS2352,D100
CS2411,D100
CS2412,D100
CS2421,D100
CS2422,D100
CS2431,D100
CS2432,D100
CS2441,D100
CS2442,D100
CS2451,D100
CS2452,D100
CS2461,D100
CS2462,D100
CS2511,D100
CS2512,D100
CS2521,D100
CS2522,D100
CS2531,D100
CS2532,D100
CS2541,D100
CS2542,D100
CS2551,D100
CS2552,D100
CS2561,D100
CS2562,D100
CS2611,D100
CS2612,D100
CS2621,D100
CS2622,D100
CS2631,D100
CS2632,D100
CS2641,D100
CS2642,D100
CS2651,D100
CS2652,D100
CS2661,D100
CS2662,D100
CS2711,D100
CS2712,D100
CS2721,D100
CS2722,D100
CS2731,D100
CS2732,D100
CS2741,D100
CS2742,D100
CS2751,D100
CS2752,D100
CS2761,D100
CS2762,D100
CS2811,D100
CS2812,D100
CS2821,D100
CS2822,D100
CS2831,D100
CS2832,D100
CS2841,D100
CS2842,D100
CS2851,D100
CS2852,D100
CS2861,D100
CS2862,D100
CS2911,D100
CS2912,D100
CS2921,D100
CS2922,D100
CS2931,D100
CS2932,D100
CS2941,D100
CS2942,D100
CS2951,D100
CS2952,D100
CS2961,D100
CS2962,D100
CS3011,D100
CS3012,D100
CS3021,D100
CS3022,D100
CS3031,D100
CS3032,D100
CS3041,D100
CS3042,D100
CS3051,D100
CS3052,D100
CS3061,D100
CS3062,D100
CS3111,D100
CS3112,D100
CS3121,D100
CS3122,D100
CS3131,D100
CS3132,D100
CS3141,D100
CS3142,D100
CS3151,D100
CS3152,D100
CS3161,D100
CS3162,D100
CS3211,D100
CS3212,D100
CS3221,D100
CS3222,D100
CS3231,D100
CS3232,D100
CS3241,D100
CS3242,D100
CS3251,D100
CS3252,D100
CS3261,D100
CS3262,D100
CS3311,D100
CS3312,D100
CS3321,D100
CS3322,D100
CS3331,D100
CS3332,D100
CS3341,D100
CS3342,D100
CS3351,D100
CS3352,D100
CS3361,D100
CS3362,D100
CS3411,D100
CS3412,D100
CS3421,D100
CS3422,D100
CS3431,D100
CS3432,D100
CS3441,D100
CS3442,D100
CS3451,D100
CS3452,D100
CS3461,D100
CS3462,D100
CS3511,D100
CS3512,D100
CS3521,D100
CS3522,D100
CS3531,D100
CS3532,D100
CS3541,D100
CS3542,D100
CS3551,D100
CS3552,D100
CS3561,D100
CS3562,D100
CS3611,D100
CS3612,D100
CS3641,D100
CS3642,D100
CS3643,D100
CS3651,D100
CS3652,D100
CS3653,D100
CS3711,D100
CS3712,D100
CS3741,D100
CS3742,D100
CS3743,D100
CS3751,D100
CS3752,D100
CS3753,D100
CT0511,D100
CT0512,D100
CT0521,D100
CT0522,D100
CT0531,D100
CT0532,D100
CT0541,D100
CT0542,D100
CT0551,D100
CT0552,D100
CT0561,D100
CT0562,D100
CT0611,D100
CT0612,D100
CT0621,D100
CT0622,D100
CT0631,D100
CT0632,D100
CT0641,D100
CT0642,D100
CT0651,D100
CT0652,D100
CT0661,D100
CT0662,D100
CT0711,D100
CT0712,D100
CT0721,D100
CT0722,D100
CT0731,D100
CT0732,D100
CT0741,D100
CT0742,D100
CT0751,D100
CT0752,D100
CT0761,D100
CT0762,D100
CT0811,D100
CT0812,D100
CT0821,D100
CT0822,D100
CT0831,D100
CT0832,D100
CT0841,D100
CT0842,D100
CT0851,D100
CT0852,D100
CT0861,D100
CT0862,D100
CT0911,D100
CT0912,D100
CT0921,D100
CT0922,D100
CT0931,D100
CT0932,D100
CT0941,D100
CT0942,D100
CT0951,D100
CT0952,D100
CT0961,D100
CT0962,D100
CT1011,D100
CT1012,D100
CT1021,D100
CT1022,D100
CT1031,D100
CT1032,D100
CT1041,D100
CT1042,D100
CT1051,D100
CT1052,D100
CT1061,D100
CT1062,D100
CT1111,D100
CT1112,D100
CT1121,D100
CT1122,D100
CT1131,D100
CT1132,D100
CT1141,D100
CT1142,D100
CT1151,D100
CT1152,D100
CT1161,D100
CT1162,D100
CT1211,D100
CT1212,D100
CT1221,D100
CT1222,D100
CT1231,D100
CT1232,D100
CT1241,D100
CT1242,D100
CT1251,D100
CT1252,D100
CT1261,D100
CT1262,D100
CT1311,D100
CT1312,D100
CT1321,D100
CT1322,D100
CT1331,D100
CT1332,D100
CT1341,D100
CT1342,D100
CT1351,D100
CT1352,D100
CT1361,D100
CT1362,D100
CT1411,D100
CT1412,D100
CT1421,D100
CT1422,D100
CT1431,D100
CT1432,D100
CT1441,D100
CT1442,D100
CT1451,D100
CT1452,D100
CT1461,D100
CT1462,D100
CT1511,D100
CT1512,D100
CT1521,D100
CT1522,D100
CT1531,D100
CT1532,D100
CT1541,D100
CT1542,D100
CT1551,D100
CT1552,D100
CT1561,D100
CT1562,D100
CT1611,D100
CT1612,D100
CT1621,D100
CT1622,D100
CT1631,D100
CT1632,D100
CT1641,D100
CT1642,D100
CT1651,D100
CT1652,D100
CT1661,D100
CT1662,D100
CT1741,D100
CT1742,D100
CT1743,D100
CT1751,D100
CT1752,D100
CT1753,D100
CT1841,D100
CT1842,D100
CT1843,D100
CT1851,D100
CT1852,D100
CT1853,D100
CT2011,D100
CT2012,D100
CT2021,D100
CT2022,D100
CT2031,D100
CT2032,D100
CT2041,D100
CT2042,D100
CT2051,D100
CT2052,D100
CT2111,D100
CT2112,D100
CT2121,D100
CT2122,D100
CT2131,D100
CT2132,D100
CT2141,D100
CT2142,D100
CT2151,D100
CT2152,D100
CT2211,D100
CT2212,D100
CT2221,D100
CT2222,D100
CT2231,D100
CT2232,D100
CT2241,D100
CT2242,D100
CT2251,D100
CT2252,D100
CT2311,D100
CT2312,D100
CT2321,D100
CT2322,D100
CT2331,D100
CT2332,D100
CT2341,D100
CT2342,D100
CT2351,D100
CT2352,D100
CT2411,D100
CT2412,D100
CT2421,D100
CT2422,D100
CT2431,D100
CT2432,D100
CT2441,D100
CT2442,D100
CT2451,D100
CT2452,D100
CT2461,D100
CT2462,D100
CT2511,D100
CT2512,D100
CT2521,D100
CT2522,D100
CT2531,D100
CT2532,D100
CT2541,D100
CT2542,D100
CT2551,D100
CT2552,D100
CT2561,D100
CT2562,D100
CT2611,D100
CT2612,D100
CT2621,D100
CT2622,D100
CT2631,D100
CT2632,D100
CT2641,D100
CT2642,D100
CT2651,D100
CT2652,D100
CT2661,D100
CT2662,D100
CT2711,D100
CT2712,D100
CT2721,D100
CT2722,D100
CT2731,D100
CT2732,D100
CT2741,D100
CT2742,D100
CT2751,D100
CT2752,D100
CT2761,D100
CT2762,D100
CT2811,D100
CT2812,D100
CT2821,D100
CT2822,D100
CT2831,D100
CT2832,D100
CT2841,D100
CT2842,D100
CT2851,D100
CT2852,D100
CT2861,D100
CT2862,D100
CT2911,D100
CT2912,D100
CT2921,D100
CT2922,D100
CT2931,D100
CT2932,D100
CT2941,D100
CT2942,D100
CT2951,D100
CT2952,D100
CT2961,D100
CT2962,D100
CT3011,D100
CT3012,D100
CT3021,D100
CT3022,D100
CT3031,D100
CT3032,D100
CT3041,D100
CT3042,D100
CT3051,D100
CT3052,D100
CT3061,D100
CT3062,D100
CT3111,D100
CT3112,D100
CT3121,D100
CT3122,D100
CT3131,D100
CT3132,D100
CT3141,D100
CT3142,D100
CT3151,D100
CT3152,D100
CT3161,D100
CT3162,D100
CT3211,D100
CT3212,D100
CT3221,D100
CT3222,D100
CT3231,D100
CT3232,D100
CT3241,D100
CT3242,D100
CT3251,D100
CT3252,D100
CT3261,D100
CT3262,D100
CT3311,D100
CT3312,D100
CT3321,D100
CT3322,D100
CT3331,D100
CT3332,D100
CT3341,D100
CT3342,D100
CT3351,D100
CT3352,D100
CT3361,D100
CT3362,D100
CT3411,D100
CT3412,D100
CT3421,D100
CT3422,D100
CT3431,D100
CT3432,D100
CT3441,D100
CT3442,D100
CT3451,D100
CT3452,D100
CT3461,D100
CT3462,D100
CT3511,D100
CT3512,D100
CT3521,D100
CT3522,D100
CT3531,D100
CT3532,D100
CT3541,D100
CT3542,D100
CT3551,D100
CT3552,D100
CT3561,D100
CT3562,D100
CT3611,D100
CT3612,D100
CT3641,D100
CT3642,D100
CT3643,D100
CT3651,D100
CT3652,D100
CT3653,D100
CT3711,D100
CT3712,D100
CT3741,D100
CT3742,D100
CT3743,D100
CT3751,D100
CT3752,D100
CT3753,D100
CU0511,D100
CU0512,D100
CU0521,D100
CU0522,D100
CU0531,D100
CU0532,D100
CU0541,D100
CU0542,D100
CU0551,D100
CU0552,D100
CU0561,D100
CU0562,D100
CU0611,D100
CU0612,D100
CU0621,D100
CU0622,D100
CU0631,D100
CU0632,D100
CU0641,D100
CU0642,D100
CU0651,D100
CU0652,D100
CU0661,D100
CU0662,D100
CU0711,D100
CU0712,D100
CU0721,D100
CU0722,D100
CU0731,D100
CU0732,D100
CU0741,D100
CU0742,D100
CU0751,D100
CU0752,D100
CU0761,D100
CU0762,D100
CU0811,D100
CU0812,D100
CU0821,D100
CU0822,D100
CU0831,D100
CU0832,D100
CU0841,D100
CU0842,D100
CU0851,D100
CU0852,D100
CU0861,D100
CU0862,D100
CU0911,D100
CU0912,D100
CU0921,D100
CU0922,D100
CU0931,D100
CU0932,D100
CU0941,D100
CU0942,D100
CU0951,D100
CU0952,D100
CU0961,D100
CU0962,D100
CU1011,D100
CU1012,D100
CU1021,D100
CU1022,D100
CU1031,D100
CU1032,D100
CU1041,D100
CU1042,D100
CU1051,D100
CU1052,D100
CU1061,D100
CU1062,D100
CU1111,D100
CU1112,D100
CU1121,D100
CU1122,D100
CU1131,D100
CU1132,D100
CU1141,D100
CU1142,D100
CU1151,D100
CU1152,D100
CU1161,D100
CU1162,D100
CU1211,D100
CU1212,D100
CU1221,D100
CU1222,D100
CU1231,D100
CU1232,D100
CU1241,D100
CU1242,D100
CU1251,D100
CU1252,D100
CU1261,D100
CU1262,D100
CU1311,D100
CU1312,D100
CU1321,D100
CU1322,D100
CU1331,D100
CU1332,D100
CU1341,D100
CU1342,D100
CU1351,D100
CU1352,D100
CU1361,D100
CU1362,D100
CU1411,D100
CU1412,D100
CU1421,D100
CU1422,D100
CU1431,D100
CU1432,D100
CU1441,D100
CU1442,D100
CU1451,D100
CU1452,D100
CU1461,D100
CU1462,D100
CU1511,D100
CU1512,D100
CU1521,D100
CU1522,D100
CU1531,D100
CU1532,D100
CU1541,D100
CU1542,D100
CU1551,D100
CU1552,D100
CU1561,D100
CU1562,D100
CU1611,D100
CU1612,D100
CU1621,D100
CU1622,D100
CU1631,D100
CU1632,D100
CU1641,D100
CU1642,D100
CU1651,D100
CU1652,D100
CU1661,D100
CU1662,D100
CU1741,D100
CU1742,D100
CU1743,D100
CU1751,D100
CU1752,D100
CU1753,D100
CU1841,D100
CU1842,D100
CU1843,D100
CU1851,D100
CU1852,D100
CU1853,D100
CU2011,D100
CU2012,D100
CU2021,D100
CU2022,D100
CU2031,D100
CU2032,D100
CU2041,D100
CU2042,D100
CU2051,D100
CU2052,D100
CU2111,D100
CU2112,D100
CU2121,D100
CU2122,D100
CU2131,D100
CU2132,D100
CU2141,D100
CU2142,D100
CU2151,D100
CU2152,D100
CU2211,D100
CU2212,D100
CU2221,D100
CU2222,D100
CU2231,D100
CU2232,D100
CU2241,D100
CU2242,D100
CU2251,D100
CU2252,D100
CU2311,D100
CU2312,D100
CU2321,D100
CU2322,D100
CU2331,D100
CU2332,D100
CU2341,D100
CU2342,D100
CU2351,D100
CU2352,D100
CU2411,D100
CU2412,D100
CU2421,D100
CU2422,D100
CU2431,D100
CU2432,D100
CU2441,D100
CU2442,D100
CU2451,D100
CU2452,D100
CU2461,D100
CU2462,D100
CU2511,D100
CU2512,D100
CU2521,D100
CU2522,D100
CU2531,D100
CU2532,D100
CU2541,D100
CU2542,D100
CU2551,D100
CU2552,D100
CU2561,D100
CU2562,D100
CU2611,D100
CU2612,D100
CU2621,D100
CU2622,D100
CU2631,D100
CU2632,D100
CU2641,D100
CU2642,D100
CU2651,D100
CU2652,D100
CU2661,D100
CU2662,D100
CU2711,D100
CU2712,D100
CU2721,D100
CU2722,D100
CU2731,D100
CU2732,D100
CU2741,D100
CU2742,D100
CU2751,D100
CU2752,D100
CU2761,D100
CU2762,D100
CU2811,D100
CU2812,D100
CU2821,D100
CU2822,D100
CU2831,D100
CU2832,D100
CU2841,D100
CU2842,D100
CU2851,D100
CU2852,D100
CU2861,D100
CU2862,D100
CU2911,D100
CU2912,D100
CU2921,D100
CU2922,D100
CU2931,D100
CU2932,D100
CU2941,D100
CU2942,D100
CU2951,D100
CU2952,D100
CU2961,D100
CU2962,D100
CU3011,D100
CU3012,D100
CU3021,D100
CU3022,D100
CU3031,D100
CU3032,D100
CU3041,D100
CU3042,D100
CU3051,D100
CU3052,D100
CU3061,D100
CU3062,D100
CU3111,D100
CU3112,D100
CU3121,D100
CU3122,D100
CU3131,D100
CU3132,D100
CU3141,D100
CU3142,D100
CU3151,D100
CU3152,D100
CU3161,D100
CU3162,D100
CU3211,D100
CU3212,D100
CU3221,D100
CU3222,D100
CU3231,D100
CU3232,D100
CU3241,D100
CU3242,D100
CU3251,D100
CU3252,D100
CU3261,D100
CU3262,D100
CU3311,D100
CU3312,D100
CU3321,D100
CU3322,D100
CU3331,D100
CU3332,D100
CU3341,D100
CU3342,D100
CU3351,D100
CU3352,D100
CU3361,D100
CU3362,D100
CU3411,D100
CU3412,D100
CU3421,D100
CU3422,D100
CU3431,D100
CU3432,D100
CU3441,D100
CU3442,D100
CU3451,D100
CU3452,D100
CU3461,D100
CU3462,D100
CU3511,D100
CU3512,D100
CU3521,D100
CU3522,D100
CU3531,D100
CU3532,D100
CU3541,D100
CU3542,D100
CU3551,D100
CU3552,D100
CU3561,D100
CU3562,D100
CU3641,D100
CU3642,D100
CU3643,D100
CU3651,D100
CU3652,D100
CU3653,D100
CU3741,D100
CU3742,D100
CU3743,D100
CU3751,D100
CU3752,D100
CU3753,D100
CV2011,D100
CV2012,D100
CV2021,D100
CV2022,D100
CV2031,D100
CV2032,D100
CV2041,D100
CV2042,D100
CV2051,D100
CV2052,D100
CV2111,D100
CV2112,D100
CV2121,D100
CV2122,D100
CV2131,D100
CV2132,D100
CV2141,D100
CV2142,D100
CV2151,D100
CV2152,D100
CV2211,D100
CV2212,D100
CV2221,D100
CV2222,D100
CV2231,D100
CV2232,D100
CV2241,D100
CV2242,D100
CV2251,D100
CV2252,D100
CV2311,D100
CV2312,D100
CV2321,D100
CV2322,D100
CV2331,D100
CV2332,D100
CV2341,D100
CV2342,D100
CV2351,D100
CV2352,D100
CV2411,D100
CV2412,D100
CV2421,D100
CV2422,D100
CV2431,D100
CV2432,D100
CV2441,D100
CV2442,D100
CV2451,D100
CV2452,D100
CV2461,D100
CV2462,D100
CV2511,D100
CV2512,D100
CV2521,D100
CV2522,D100
CV2531,D100
CV2532,D100
CV2541,D100
CV2542,D100
CV2551,D100
CV2552,D100
CV2561,D100
CV2562,D100
CV2611,D100
CV2612,D100
CV2621,D100
CV2622,D100
CV2631,D100
CV2632,D100
CV2641,D100
CV2642,D100
CV2651,D100
CV2652,D100
CV2661,D100
CV2662,D100
CV2711,D100
CV2712,D100
CV2721,D100
CV2722,D100
CV2731,D100
CV2732,D100
CV2741,D100
CV2742,D100
CV2751,D100
CV2752,D100
CV2761,D100
CV2762,D100
CV2811,D100
CV2812,D100
CV2821,D100
CV2822,D100
CV2831,D100
CV2832,D100
CV2841,D100
CV2842,D100
CV2851,D100
CV2852,D100
CV2861,D100
CV2862,D100
CV2911,D100
CV2912,D100
CV2921,D100
CV2922,D100
CV2931,D100
CV2932,D100
CV2941,D100
CV2942,D100
CV2951,D100
CV2952,D100
CV2961,D100
CV2962,D100
CV3011,D100
CV3012,D100
CV3021,D100
CV3022,D100
CV3031,D100
CV3032,D100
CV3041,D100
CV3042,D100
CV3051,D100
CV3052,D100
CV3061,D100
CV3062,D100
CV3111,D100
CV3112,D100
CV3121,D100
CV3122,D100
CV3131,D100
CV3132,D100
CV3141,D100
CV3142,D100
CV3151,D100
CV3152,D100
CV3161,D100
CV3162,D100
CV3211,D100
CV3212,D100
CV3221,D100
CV3222,D100
CV3231,D100
CV3232,D100
CV3241,D100
CV3242,D100
CV3251,D100
CV3252,D100
CV3261,D100
CV3262,D100
CV3311,D100
CV3312,D100
CV3321,D100
CV3322,D100
CV3331,D100
CV3332,D100
CV3341,D100
CV3342,D100
CV3351,D100
CV3352,D100
CV3361,D100
CV3362,D100
CV3411,D100
CV3412,D100
CV3421,D100
CV3422,D100
CV3431,D100
CV3432,D100
CV3441,D100
CV3442,D100
CV3451,D100
CV3452,D100
CV3461,D100
CV3462,D100
CV3511,D100
CV3512,D100
CV3521,D100
CV3522,D100
CV3531,D100
CV3532,D100
CV3541,D100
CV3542,D100
CV3551,D100
CV3552,D100
CV3561,D100
CV3562,D100
CV3641,D100
CV3642,D100
CV3643,D100
CV3651,D100
CV3652,D100
CV3653,D100
CV3741,D100
CV3742,D100
CV3743,D100
CV3751,D100
CV3752,D100
CV3753,D100
CG2011,D100
CG2012,D100
CG2021,D100
CG2022,D100
CG2031,D100
CG2032,D100
CG2041,D100
CG2042,D100
CG2051,D100
CG2052,D100
CG2111,D100
CG2112,D100
CG2121,D100
CG2122,D100
CG2131,D100
CG2132,D100
CG2141,D100
CG2142,D100
CG2151,D100
CG2152,D100
CG2211,D100
CG2212,D100
CG2221,D100
CG2222,D100
CG2231,D100
CG2232,D100
CG2241,D100
CG2242,D100
CG2251,D100
CG2252,D100
CG2311,D100
CG2312,D100
CG2321,D100
CG2322,D100
CG2331,D100
CG2332,D100
CG2341,D100
CG2342,D100
CG2351,D100
CG2352,D100
CG2411,D100
CG2412,D100
CG2421,D100
CG2422,D100
CG2431,D100
CG2432,D100
CG2441,D100
CG2442,D100
CG2451,D100
CG2452,D100
CG2461,D100
CG2462,D100
CG2511,D100
CG2512,D100
CG2521,D100
CG2522,D100
CG2531,D100
CG2532,D100
CG2541,D100
CG2542,D100
CG2551,D100
CG2552,D100
CG2561,D100
CG2562,D100
CG2611,D100
CG2612,D100
CG2621,D100
CG2622,D100
CG2631,D100
CG2632,D100
CG2641,D100
CG2642,D100
CG2651,D100
CG2652,D100
CG2661,D100
CG2662,D100
CG2711,D100
CG2712,D100
CG2721,D100
CG2722,D100
CG2731,D100
CG2732,D100
CG2741,D100
CG2742,D100
CG2751,D100
CG2752,D100
CG2761,D100
CG2762,D100
CG2811,D100
CG2812,D100
CG2821,D100
CG2822,D100
CG2831,D100
CG2832,D100
CG2841,D100
CG2842,D100
CG2851,D100
CG2852,D100
CG2861,D100
CG2862,D100
CG2911,D100
CG2912,D100
CG2921,D100
CG2922,D100
CG2931,D100
CG2932,D100
CG2941,D100
CG2942,D100
CG2951,D100
CG2952,D100
CG2961,D100
CG2962,D100
CG3011,D100
CG3012,D100
CG3021,D100
CG3022,D100
CG3031,D100
CG3032,D100
CG3041,D100
CG3042,D100
CG3051,D100
CG3052,D100
CG3061,D100
CG3062,D100
CG3111,D100
CG3112,D100
CG3121,D100
CG3122,D100
CG3131,D100
CG3132,D100
CG3141,D100
CG3142,D100
CG3151,D100
CG3152,D100
CG3161,D100
CG3162,D100
CG3211,D100
CG3212,D100
CG3221,D100
CG3222,D100
CG3231,D100
CG3232,D100
CG3241,D100
CG3242,D100
CG3251,D100
CG3252,D100
CG3261,D100
CG3262,D100
CG3311,D100
CG3312,D100
CG3321,D100
CG3322,D100
CG3331,D100
CG3332,D100
CG3341,D100
CG3342,D100
CG3351,D100
CG3352,D100
CG3361,D100
CG3362,D100
CG3411,D100
CG3412,D100
CG3421,D100
CG3422,D100
CG3431,D100
CG3432,D100
CG3441,D100
CG3442,D100
CG3451,D100
CG3452,D100
CG3461,D100
CG3462,D100
CG3511,D100
CG3512,D100
CG3521,D100
CG3522,D100
CG3531,D100
CG3532,D100
CG3541,D100
CG3542,D100
CG3551,D100
CG3552,D100
CG3561,D100
CG3562,D100
CG3641,D100
CG3642,D100
CG3643,D100
CG3651,D100
CG3652,D100
CG3653,D100
CG3741,D100
CG3742,D100
CG3743,D100
CG3751,D100
CG3752,D100
CG3753,D100
CH2011,D100
CH2012,D100
CH2021,D100
CH2022,D100
CH2031,D100
CH2032,D100
CH2041,D100
CH2042,D100
CH2051,D100
CH2052,D100
CH2111,D100
CH2112,D100
CH2121,D100
CH2122,D100
CH2131,D100
CH2132,D100
CH2141,D100
CH2142,D100
CH2151,D100
CH2152,D100
CH2211,D100
CH2212,D100
CH2221,D100
CH2222,D100
CH2231,D100
CH2232,D100
CH2241,D100
CH2242,D100
CH2251,D100
CH2252,D100
CH2311,D100
CH2312,D100
CH2321,D100
CH2322,D100
CH2331,D100
CH2332,D100
CH2341,D100
CH2342,D100
CH2351,D100
CH2352,D100
CH2411,D100
CH2412,D100
CH2421,D100
CH2422,D100
CH2431,D100
CH2432,D100
CH2441,D100
CH2442,D100
CH2451,D100
CH2452,D100
CH2461,D100
CH2462,D100
CH2511,D100
CH2512,D100
CH2521,D100
CH2522,D100
CH2531,D100
CH2532,D100
CH2541,D100
CH2542,D100
CH2551,D100
CH2552,D100
CH2561,D100
CH2562,D100
CH2611,D100
CH2612,D100
CH2621,D100
CH2622,D100
CH2631,D100
CH2632,D100
CH2641,D100
CH2642,D100
CH2651,D100
CH2652,D100
CH2661,D100
CH2662,D100
CH2711,D100
CH2712,D100
CH2721,D100
CH2722,D100
CH2731,D100
CH2732,D100
CH2741,D100
CH2742,D100
CH2751,D100
CH2752,D100
CH2761,D100
CH2762,D100
CH2811,D100
CH2812,D100
CH2821,D100
CH2822,D100
CH2831,D100
CH2832,D100
CH2841,D100
CH2842,D100
CH2851,D100
CH2852,D100
CH2861,D100
CH2862,D100
CH2911,D100
CH2912,D100
CH2921,D100
CH2922,D100
CH2931,D100
CH2932,D100
CH2941,D100
CH2942,D100
CH2951,D100
CH2952,D100
CH2961,D100
CH2962,D100
CH3011,D100
CH3012,D100
CH3021,D100
CH3022,D100
CH3031,D100
CH3032,D100
CH3041,D100
CH3042,D100
CH3051,D100
CH3052,D100
CH3061,D100
CH3062,D100
CH3111,D100
CH3112,D100
CH3121,D100
CH3122,D100
CH3131,D100
CH3132,D100
CH3141,D100
CH3142,D100
CH3151,D100
CH3152,D100
CH3161,D100
CH3162,D100
CH3211,D100
CH3212,D100
CH3221,D100
CH3222,D100
CH3231,D100
CH3232,D100
CH3241,D100
CH3242,D100
CH3251,D100
CH3252,D100
CH3261,D100
CH3262,D100
CH3311,D100
CH3312,D100
CH3321,D100
CH3322,D100
CH3331,D100
CH3332,D100
CH3341,D100
CH3342,D100
CH3351,D100
CH3352,D100
CH3361,D100
CH3362,D100
CH3411,D100
CH3412,D100
CH3421,D100
CH3422,D100
CH3431,D100
CH3432,D100
CH3441,D100
CH3442,D100
CH3451,D100
CH3452,D100
CH3461,D100
CH3462,D100
CH3511,D100
CH3512,D100
CH3521,D100
CH3522,D100
CH3531,D100
CH3532,D100
CH3541,D100
CH3542,D100
CH3551,D100
CH3552,D100
CH3561,D100
CH3562,D100
CH3641,D100
CH3642,D100
CH3643,D100
CH3651,D100
CH3652,D100
CH3653,D100
CH3741,D100
CH3742,D100
CH3743,D100
CH3751,D100
CH3752,D100
CH3753,D100
CI0611,D100
CI0612,D100
CI0621,D100
CI0622,D100
CI0631,D100
CI0632,D100
CI0641,D100
CI0642,D100
CI0651,D100
CI0652,D100
CI0661,D100
CI0662,D100
CI0811,D100
CI0812,D100
CI0821,D100
CI0822,D100
CI0831,D100
CI0832,D100
CI0841,D100
CI0842,D100
CI0851,D100
CI0852,D100
CI0861,D100
CI0862,D100
CI1011,D100
CI1012,D100
CI1021,D100
CI1022,D100
CI1031,D100
CI1032,D100
CI1041,D100
CI1042,D100
CI1051,D100
CI1052,D100
CI1061,D100
CI1062,D100
CI1211,D100
CI1212,D100
CI1221,D100
CI1222,D100
CI1231,D100
CI1232,D100
CI1241,D100
CI1242,D100
CI1251,D100
CI1252,D100
CI1261,D100
CI1262,D100
CI1411,D100
CI1412,D100
CI1421,D100
CI1422,D100
CI1431,D100
CI1432,D100
CI1441,D100
CI1442,D100
CI1451,D100
CI1452,D100
CI1461,D100
CI1462,D100
CI1611,D100
CI1612,D100
CI1621,D100
CI1622,D100
CI1631,D100
CI1632,D100
CI1641,D100
CI1642,D100
CI1651,D100
CI1652,D100
CI1661,D100
CI1662,D100
CI1841,D100
CI1842,D100
CI1843,D100
CI1851,D100
CI1852,D100
CI1853,D100
CI2011,D100
CI2012,D100
CI2021,D100
CI2022,D100
CI2031,D100
CI2032,D100
CI2041,D100
CI2042,D100
CI2051,D100
CI2052,D100
CI2111,D100
CI2112,D100
CI2121,D100
CI2122,D100
CI2131,D100
CI2132,D100
CI2141,D100
CI2142,D100
CI2151,D100
CI2152,D100
CI2211,D100
CI2212,D100
CI2221,D100
CI2222,D100
CI2231,D100
CI2232,D100
CI2241,D100
CI2242,D100
CI2251,D100
CI2252,D100
CI2311,D100
CI2312,D100
CI2321,D100
CI2322,D100
CI2331,D100
CI2332,D100
CI2341,D100
CI2342,D100
CI2351,D100
CI2352,D100
CI2411,D100
CI2412,D100
CI2421,D100
CI2422,D100
CI2431,D100
CI2432,D100
CI2441,D100
CI2442,D100
CI2451,D100
CI2452,D100
CI2461,D100
CI2462,D100
CI2511,D100
CI2512,D100
CI2521,D100
CI2522,D100
CI2531,D100
CI2532,D100
CI2541,D100
CI2542,D100
CI2551,D100
CI2552,D100
CI2561,D100
CI2562,D100
CI2611,D100
CI2612,D100
CI2621,D100
CI2622,D100
CI2631,D100
CI2632,D100
CI2641,D100
CI2642,D100
CI2651,D100
CI2652,D100
CI2661,D100
CI2662,D100
CI2711,D100
CI2712,D100
CI2721,D100
CI2722,D100
CI2731,D100
CI2732,D100
CI2741,D100
CI2742,D100
CI2751,D100
CI2752,D100
CI2761,D100
CI2762,D100
CI2811,D100
CI2812,D100
CI2821,D100
CI2822,D100
CI2831,D100
CI2832,D100
CI2841,D100
CI2842,D100
CI2851,D100
CI2852,D100
CI2861,D100
CI2862,D100
CI2911,D100
CI2912,D100
CI2921,D100
CI2922,D100
CI2931,D100
CI2932,D100
CI2941,D100
CI2942,D100
CI2951,D100
CI2952,D100
CI2961,D100
CI2962,D100
CI3011,D100
CI3012,D100
CI3021,D100
CI3022,D100
CI3031,D100
CI3032,D100
CI3041,D100
CI3042,D100
CI3051,D100
CI3052,D100
CI3061,D100
CI3062,D100
CI3111,D100
CI3112,D100
CI3121,D100
CI3122,D100
CI3131,D100
CI3132,D100
CI3141,D100
CI3142,D100
CI3151,D100
CI3152,D100
CI3161,D100
CI3162,D100
CI3211,D100
CI3212,D100
CI3221,D100
CI3222,D100
CI3231,D100
CI3232,D100
CI3241,D100
CI3242,D100
CI3251,D100
CI3252,D100
CI3261,D100
CI3262,D100
CI3311,D100
CI3312,D100
CI3321,D100
CI3322,D100
CI3331,D100
CI3332,D100
CI3341,D100
CI3342,D100
CI3351,D100
CI3352,D100
CI3361,D100
CI3362,D100
CI3411,D100
CI3412,D100
CI3421,D100
CI3422,D100
CI3431,D100
CI3432,D100
CI3441,D100
CI3442,D100
CI3451,D100
CI3452,D100
CI3461,D100
CI3462,D100
CI3511,D100
CI3512,D100
CI3521,D100
CI3522,D100
CI3531,D100
CI3532,D100
CI3541,D100
CI3542,D100
CI3551,D100
CI3552,D100
CI3561,D100
CI3562,D100
CI3641,D100
CI3642,D100
CI3643,D100
CI3651,D100
CI3652,D100
CI3653,D100
CI3741,D100
CI3742,D100
CI3743,D100
CI3751,D100
CI3752,D100
CI3753,D100
CJ0511,D100
CJ0512,D100
CJ0521,D100
CJ0522,D100
CJ0531,D100
CJ0532,D100
CJ0541,D100
CJ0542,D100
CJ0551,D100
CJ0552,D100
CJ0561,D100
CJ0562,D100
CJ0611,D100
CJ0612,D100
CJ0621,D100
CJ0622,D100
CJ0631,D100
CJ0632,D100
CJ0641,D100
CJ0642,D100
CJ0651,D100
CJ0652,D100
CJ0661,D100
CJ0662,D100
CJ0711,D100
CJ0712,D100
CJ0721,D100
CJ0722,D100
CJ0731,D100
CJ0732,D100
CJ0741,D100
CJ0742,D100
CJ0751,D100
CJ0752,D100
CJ0761,D100
CJ0762,D100
CJ0811,D100
CJ0812,D100
CJ0821,D100
CJ0822,D100
CJ0831,D100
CJ0832,D100
CJ0841,D100
CJ0842,D100
CJ0851,D100
CJ0852,D100
CJ0861,D100
CJ0862,D100
CJ0911,D100
CJ0912,D100
CJ0921,D100
CJ0922,D100
CJ0931,D100
CJ0932,D100
CJ0941,D100
CJ0942,D100
CJ0951,D100
CJ0952,D100
CJ0961,D100
CJ0962,D100
CJ1011,D100
CJ1012,D100
CJ1021,D100
CJ1022,D100
CJ1031,D100
CJ1032,D100
CJ1041,D100
CJ1042,D100
CJ1051,D100
CJ1052,D100
CJ1061,D100
CJ1062,D100
CJ1111,D100
CJ1112,D100
CJ1121,D100
CJ1122,D100
CJ1131,D100
CJ1132,D100
CJ1141,D100
CJ1142,D100
CJ1151,D100
CJ1152,D100
CJ1161,D100
CJ1162,D100
CJ1211,D100
CJ1212,D100
CJ1221,D100
CJ1222,D100
CJ1231,D100
CJ1232,D100
CJ1241,D100
CJ1242,D100
CJ1251,D100
CJ1252,D100
CJ1261,D100
CJ1262,D100
CJ1311,D100
CJ1312,D100
CJ1321,D100
CJ1322,D100
CJ1331,D100
CJ1332,D100
CJ1341,D100
CJ1342,D100
CJ1351,D100
CJ1352,D100
CJ1361,D100
CJ1362,D100
CJ1411,D100
CJ1412,D100
CJ1421,D100
CJ1422,D100
CJ1431,D100
CJ1432,D100
CJ1441,D100
CJ1442,D100
CJ1451,D100
CJ1452,D100
CJ1461,D100
CJ1462,D100
CJ1511,D100
CJ1512,D100
CJ1521,D100
CJ1522,D100
CJ1531,D100
CJ1532,D100
CJ1541,D100
CJ1542,D100
CJ1551,D100
CJ1552,D100
CJ1561,D100
CJ1562,D100
CJ1611,D100
CJ1612,D100
CJ1621,D100
CJ1622,D100
CJ1631,D100
CJ1632,D100
CJ1641,D100
CJ1642,D100
CJ1651,D100
CJ1652,D100
CJ1661,D100
CJ1662,D100
CJ1741,D100
CJ1742,D100
CJ1743,D100
CJ1751,D100
CJ1752,D100
CJ1753,D100
CJ1841,D100
CJ1842,D100
CJ1843,D100
CJ1851,D100
CJ1852,D100
CJ1853,D100
CJ2011,D100
CJ2012,D100
CJ2021,D100
CJ2022,D100
CJ2031,D100
CJ2032,D100
CJ2041,D100
CJ2042,D100
CJ2051,D100
CJ2052,D100
CJ2111,D100
CJ2112,D100
CJ2121,D100
CJ2122,D100
CJ2131,D100
CJ2132,D100
CJ2141,D100
CJ2142,D100
CJ2151,D100
CJ2152,D100
CJ2211,D100
CJ2212,D100
CJ2221,D100
CJ2222,D100
CJ2231,D100
CJ2232,D100
CJ2241,D100
CJ2242,D100
CJ2251,D100
CJ2252,D100
CJ2311,D100
CJ2312,D100
CJ2321,D100
CJ2322,D100
CJ2331,D100
CJ2332,D100
CJ2341,D100
CJ2342,D100
CJ2351,D100
CJ2352,D100
CJ2411,D100
CJ2412,D100
CJ2421,D100
CJ2422,D100
CJ2431,D100
CJ2432,D100
CJ2441,D100
CJ2442,D100
CJ2451,D100
CJ2452,D100
CJ2461,D100
CJ2462,D100
CJ2511,D100
CJ2512,D100
CJ2521,D100
CJ2522,D100
CJ2531,D100
CJ2532,D100
CJ2541,D100
CJ2542,D100
CJ2551,D100
CJ2552,D100
CJ2561,D100
CJ2562,D100
CJ2611,D100
CJ2612,D100
CJ2621,D100
CJ2622,D100
CJ2631,D100
CJ2632,D100
CJ2641,D100
CJ2642,D100
CJ2651,D100
CJ2652,D100
CJ2661,D100
CJ2662,D100
CJ2711,D100
CJ2712,D100
CJ2721,D100
CJ2722,D100
CJ2731,D100
CJ2732,D100
CJ2741,D100
CJ2742,D100
CJ2751,D100
CJ2752,D100
CJ2761,D100
CJ2762,D100
CJ2811,D100
CJ2812,D100
CJ2821,D100
CJ2822,D100
CJ2831,D100
CJ2832,D100
CJ2841,D100
CJ2842,D100
CJ2851,D100
CJ2852,D100
CJ2861,D100
CJ2862,D100
CJ2911,D100
CJ2912,D100
CJ2921,D100
CJ2922,D100
CJ2931,D100
CJ2932,D100
CJ2941,D100
CJ2942,D100
CJ2951,D100
CJ2952,D100
CJ2961,D100
CJ2962,D100
CJ3011,D100
CJ3012,D100
CJ3021,D100
CJ3022,D100
CJ3031,D100
CJ3032,D100
CJ3041,D100
CJ3042,D100
CJ3051,D100
CJ3052,D100
CJ3061,D100
CJ3062,D100
CJ3111,D100
CJ3112,D100
CJ3121,D100
CJ3122,D100
CJ3131,D100
CJ3132,D100
CJ3141,D100
CJ3142,D100
CJ3151,D100
CJ3152,D100
CJ3161,D100
CJ3162,D100
CJ3211,D100
CJ3212,D100
CJ3221,D100
CJ3222,D100
CJ3231,D100
CJ3232,D100
CJ3241,D100
CJ3242,D100
CJ3251,D100
CJ3252,D100
CJ3261,D100
CJ3262,D100
CJ3311,D100
CJ3312,D100
CJ3321,D100
CJ3322,D100
CJ3331,D100
CJ3332,D100
CJ3341,D100
CJ3342,D100
CJ3351,D100
CJ3352,D100
CJ3361,D100
CJ3362,D100
CJ3411,D100
CJ3412,D100
CJ3421,D100
CJ3422,D100
CJ3431,D100
CJ3432,D100
CJ3441,D100
CJ3442,D100
CJ3451,D100
CJ3452,D100
CJ3461,D100
CJ3462,D100
CJ3511,D100
CJ3512,D100
CJ3521,D100
CJ3522,D100
CJ3531,D100
CJ3532,D100
CJ3541,D100
CJ3542,D100
CJ3551,D100
CJ3552,D100
CJ3561,D100
CJ3562,D100
CJ3641,D100
CJ3642,D100
CJ3643,D100
CJ3651,D100
CJ3652,D100
CJ3653,D100
CJ3741,D100
CJ3742,D100
CJ3743,D100
CJ3751,D100
CJ3752,D100
CJ3753,D100
CK0511,D100
CK0512,D100
CK0521,D100
CK0522,D100
CK0531,D100
CK0532,D100
CK0541,D100
CK0542,D100
CK0551,D100
CK0552,D100
CK0561,D100
CK0562,D100
CK0611,D100
CK0612,D100
CK0621,D100
CK0622,D100
CK0631,D100
CK0632,D100
CK0641,D100
CK0642,D100
CK0651,D100
CK0652,D100
CK0661,D100
CK0662,D100
CK0711,D100
CK0712,D100
CK0721,D100
CK0722,D100
CK0731,D100
CK0732,D100
CK0741,D100
CK0742,D100
CK0751,D100
CK0752,D100
CK0761,D100
CK0762,D100
CK0811,D100
CK0812,D100
CK0821,D100
CK0822,D100
CK0831,D100
CK0832,D100
CK0841,D100
CK0842,D100
CK0851,D100
CK0852,D100
CK0861,D100
CK0862,D100
CK0911,D100
CK0912,D100
CK0921,D100
CK0922,D100
CK0931,D100
CK0932,D100
CK0941,D100
CK0942,D100
CK0951,D100
CK0952,D100
CK0961,D100
CK0962,D100
CK1011,D100
CK1012,D100
CK1021,D100
CK1022,D100
CK1031,D100
CK1032,D100
CK1041,D100
CK1042,D100
CK1051,D100
CK1052,D100
CK1061,D100
CK1062,D100
CK1111,D100
CK1112,D100
CK1121,D100
CK1122,D100
CK1131,D100
CK1132,D100
CK1141,D100
CK1142,D100
CK1151,D100
CK1152,D100
CK1161,D100
CK1162,D100
CK1211,D100
CK1212,D100
CK1221,D100
CK1222,D100
CK1231,D100
CK1232,D100
CK1241,D100
CK1242,D100
CK1251,D100
CK1252,D100
CK1261,D100
CK1262,D100
CK1311,D100
CK1312,D100
CK1321,D100
CK1322,D100
CK1331,D100
CK1332,D100
CK1341,D100
CK1342,D100
CK1351,D100
CK1352,D100
CK1361,D100
CK1362,D100
CK1411,D100
CK1412,D100
CK1421,D100
CK1422,D100
CK1431,D100
CK1432,D100
CK1441,D100
CK1442,D100
CK1451,D100
CK1452,D100
CK1461,D100
CK1462,D100
CK1511,D100
CK1512,D100
CK1521,D100
CK1522,D100
CK1531,D100
CK1532,D100
CK1541,D100
CK1542,D100
CK1551,D100
CK1552,D100
CK1561,D100
CK1562,D100
CK1611,D100
CK1612,D100
CK1621,D100
CK1622,D100
CK1631,D100
CK1632,D100
CK1641,D100
CK1642,D100
CK1651,D100
CK1652,D100
CK1661,D100
CK1662,D100
CK1741,D100
CK1742,D100
CK1743,D100
CK1751,D100
CK1752,D100
CK1753,D100
CK1841,D100
CK1842,D100
CK1843,D100
CK1851,D100
CK1852,D100
CK1853,D100
CK2011,D100
CK2012,D100
CK2021,D100
CK2022,D100
CK2031,D100
CK2032,D100
CK2041,D100
CK2042,D100
CK2051,D100
CK2052,D100
CK2111,D100
CK2112,D100
CK2121,D100
CK2122,D100
CK2131,D100
CK2132,D100
CK2141,D100
CK2142,D100
CK2151,D100
CK2152,D100
CK2211,D100
CK2212,D100
CK2221,D100
CK2222,D100
CK2231,D100
CK2232,D100
CK2241,D100
CK2242,D100
CK2251,D100
CK2252,D100
CK2311,D100
CK2312,D100
CK2321,D100
CK2322,D100
CK2331,D100
CK2332,D100
CK2341,D100
CK2342,D100
CK2351,D100
CK2352,D100
CK2411,D100
CK2412,D100
CK2421,D100
CK2422,D100
CK2431,D100
CK2432,D100
CK2441,D100
CK2442,D100
CK2451,D100
CK2452,D100
CK2461,D100
CK2462,D100
CK2511,D100
CK2512,D100
CK2521,D100
CK2522,D100
CK2531,D100
CK2532,D100
CK2541,D100
CK2542,D100
CK2551,D100
CK2552,D100
CK2561,D100
CK2562,D100
CK2611,D100
CK2612,D100
CK2621,D100
CK2622,D100
CK2631,D100
CK2632,D100
CK2641,D100
CK2642,D100
CK2651,D100
CK2652,D100
CK2661,D100
CK2662,D100
CK2711,D100
CK2712,D100
CK2721,D100
CK2722,D100
CK2731,D100
CK2732,D100
CK2741,D100
CK2742,D100
CK2751,D100
CK2752,D100
CK2761,D100
CK2762,D100
CK2811,D100
CK2812,D100
CK2821,D100
CK2822,D100
CK2831,D100
CK2832,D100
CK2841,D100
CK2842,D100
CK2851,D100
CK2852,D100
CK2861,D100
CK2862,D100
CK2911,D100
CK2912,D100
CK2921,D100
CK2922,D100
CK2931,D100
CK2932,D100
CK2941,D100
CK2942,D100
CK2951,D100
CK2952,D100
CK2961,D100
CK2962,D100
CK3011,D100
CK3012,D100
CK3021,D100
CK3022,D100
CK3031,D100
CK3032,D100
CK3041,D100
CK3042,D100
CK3051,D100
CK3052,D100
CK3061,D100
CK3062,D100
CK3111,D100
CK3112,D100
CK3121,D100
CK3122,D100
CK3131,D100
CK3132,D100
CK3141,D100
CK3142,D100
CK3151,D100
CK3152,D100
CK3161,D100
CK3162,D100
CK3211,D100
CK3212,D100
CK3221,D100
CK3222,D100
CK3231,D100
CK3232,D100
CK3241,D100
CK3242,D100
CK3251,D100
CK3252,D100
CK3261,D100
CK3262,D100
CK3311,D100
CK3312,D100
CK3321,D100
CK3322,D100
CK3331,D100
CK3332,D100
CK3341,D100
CK3342,D100
CK3351,D100
CK3352,D100
CK3361,D100
CK3362,D100
CK3411,D100
CK3412,D100
CK3421,D100
CK3422,D100
CK3431,D100
CK3432,D100
CK3441,D100
CK3442,D100
CK3451,D100
CK3452,D100
CK3461,D100
CK3462,D100
CK3511,D100
CK3512,D100
CK3521,D100
CK3522,D100
CK3531,D100
CK3532,D100
CK3541,D100
CK3542,D100
CK3551,D100
CK3552,D100
CK3561,D100
CK3562,D100
CK3641,D100
CK3642,D100
CK3643,D100
CK3651,D100
CK3652,D100
CK3653,D100
CK3741,D100
CK3742,D100
CK3743,D100
CK3751,D100
CK3752,D100
CK3753,D100
CL2011,D100
CN0511,D100
CN0512,D100
CN0521,D100
CN0522,D100
CN0531,D100
CN0532,D100
CN0541,D100
CN0542,D100
CN0551,D100
CN0552,D100
CN0561,D100
CN0562,D100
CN0611,D100
CN0612,D100
CN0621,D100
CN0622,D100
CN0631,D100
CN0632,D100
CN0641,D100
CN0642,D100
CN0651,D100
CN0652,D100
CN0661,D100
CN0662,D100
CN0711,D100
CN0712,D100
CN0721,D100
CN0722,D100
CN0731,D100
CN0732,D100
CN0741,D100
CN0742,D100
CN0751,D100
CN0752,D100
CN0761,D100
CN0762,D100
CN0811,D100
CN0812,D100
CN0821,D100
CN0822,D100
CN0831,D100
CN0832,D100
CN0841,D100
CN0842,D100
CN0851,D100
CN0852,D100
CN0861,D100
CN0862,D100
CN0911,D100
CN0912,D100
CN0921,D100
CN0922,D100
CN0931,D100
CN0932,D100
CN0941,D100
CN0942,D100
CN0951,D100
CN0952,D100
CN0961,D100
CN0962,D100
CN1011,D100
CN1012,D100
CN1021,D100
CN1022,D100
CN1031,D100
CN1032,D100
CN1041,D100
CN1042,D100
CN1051,D100
CN1052,D100
CN1061,D100
CN1062,D100
CN1111,D100
CN1112,D100
CN1121,D100
CN1122,D100
CN1131,D100
CN1132,D100
CN1141,D100
CN1142,D100
CN1151,D100
CN1152,D100
CN1161,D100
CN1162,D100
CN1211,D100
CN1212,D100
CN1221,D100
CN1222,D100
CN1231,D100
CN1232,D100
CN1241,D100
CN1242,D100
CN1251,D100
CN1252,D100
CN1261,D100
CN1262,D100
CN1311,D100
CN1312,D100
CN1321,D100
CN1322,D100
CN1331,D100
CN1332,D100
CN1341,D100
CN1342,D100
CN1351,D100
CN1352,D100
CN1361,D100
CN1362,D100
CN1411,D100
CN1412,D100
CN1421,D100
CN1422,D100
CN1431,D100
CN1432,D100
CN1441,D100
CN1442,D100
CN1451,D100
CN1452,D100
CN1461,D100
CN1462,D100
CN1511,D100
CN1512,D100
CN1521,D100
CN1522,D100
CN1531,D100
CN1532,D100
CN1541,D100
CN1542,D100
CN1551,D100
CN1552,D100
CN1561,D100
CN1562,D100
CN1611,D100
CN1612,D100
CN1621,D100
CN1622,D100
CN1631,D100
CN1632,D100
CN1641,D100
CN1642,D100
CN1651,D100
CN1652,D100
CN1661,D100
CN1662,D100
CN1741,D100
CN1742,D100
CN1743,D100
CN1751,D100
CN1752,D100
CN1753,D100
CN1841,D100
CN1842,D100
CN1843,D100
CN1851,D100
CN1852,D100
CN1853,D100
CN2011,D100
CN2012,D100
CN2021,D100
CN2022,D100
CN2031,D100
CN2032,D100
CN2041,D100
CN2042,D100
CN2051,D100
CN2052,D100
CN2111,D100
CN2112,D100
CN2121,D100
CN2122,D100
CN2131,D100
CN2132,D100
CN2141,D100
CN2142,D100
CN2151,D100
CN2152,D100
CN2211,D100
CN2212,D100
CN2221,D100
CN2222,D100
CN2231,D100
CN2232,D100
CN2241,D100
CN2242,D100
CN2251,D100
CN2252,D100
CN2311,D100
CN2312,D100
CN2321,D100
CN2322,D100
CN2331,D100
CN2332,D100
CN2341,D100
CN2342,D100
CN2351,D100
CN2352,D100
CN2411,D100
CN2412,D100
CN2421,D100
CN2422,D100
CN2431,D100
CN2432,D100
CN2441,D100
CN2442,D100
CN2451,D100
CN2452,D100
CN2461,D100
CN2462,D100
CN2511,D100
CN2512,D100
CN2521,D100
CN2522,D100
CN2531,D100
CN2532,D100
CN2541,D100
CN2542,D100
CN2551,D100
CN2552,D100
CN2561,D100
CN2562,D100
CN2611,D100
CN2612,D100
CN2621,D100
CN2622,D100
CN2631,D100
CN2632,D100
CN2641,D100
CN2642,D100
CN2651,D100
CN2652,D100
CN2661,D100
CN2662,D100
CN2711,D100
CN2712,D100
CN2721,D100
CN2722,D100
CN2731,D100
CN2732,D100
CN2741,D100
CN2742,D100
CN2751,D100
CN2752,D100
CN2761,D100
CN2762,D100
CN2811,D100
CN2812,D100
CN2821,D100
CN2822,D100
CN2831,D100
CN2832,D100
CN2841,D100
CN2842,D100
CN2851,D100
CN2852,D100
CN2861,D100
CN2862,D100
CN2911,D100
CN2912,D100
CN2921,D100
CN2922,D100
CN2931,D100
CN2932,D100
CN2941,D100
CN2942,D100
CN2951,D100
CN2952,D100
CN2961,D100
CN2962,D100
CN3011,D100
CN3012,D100
CN3021,D100
CN3022,D100
CN3031,D100
CN3032,D100
CN3041,D100
CN3042,D100
CN3051,D100
CN3052,D100
CN3061,D100
CN3062,D100
CN3111,D100
CN3112,D100
CN3121,D100
CN3122,D100
CN3131,D100
CN3132,D100
CN3141,D100
CN3142,D100
CN3151,D100
CN3152,D100
CN3161,D100
CN3162,D100
CN3211,D100
CN3212,D100
CN3221,D100
CN3222,D100
CN3231,D100
CN3232,D100
CN3241,D100
CN3242,D100
CN3251,D100
CN3252,D100
CN3261,D100
CN3262,D100
CN3311,D100
CN3312,D100
CN3321,D100
CN3322,D100
CN3331,D100
CN3332,D100
CN3341,D100
CN3342,D100
CN3351,D100
CN3352,D100
CN3361,D100
CN3362,D100
CN3411,D100
CN3412,D100
CN3421,D100
CN3422,D100
CN3431,D100
CN3432,D100
CN3441,D100
CN3442,D100
CN3451,D100
CN3452,D100
CN3461,D100
CN3462,D100
CN3511,D100
CN3512,D100
CN3521,D100
CN3522,D100
CN3531,D100
CN3532,D100
CN3541,D100
CN3542,D100
CN3551,D100
CN3552,D100
CN3561,D100
CN3562,D100
CN3641,D100
CN3642,D100
CN3643,D100
CN3651,D100
CN3652,D100
CN3653,D100
CN3741,D100
CN3742,D100
CN3743,D100
CN3751,D100
CN3752,D100
CN3753,D100
CO0511,D100
CO0512,D100
CO0521,D100
CO0522,D100
CO0531,D100
CO0532,D100
CO0541,D100
CO0542,D100
CO0551,D100
CO0552,D100
CO0561,D100
CO0562,D100
CO0611,D100
CO0612,D100
CO0621,D100
CO0622,D100
CO0631,D100
CO0632,D100
CO0641,D100
CO0642,D100
CO0651,D100
CO0652,D100
CO0661,D100
CO0662,D100
CO0711,D100
CO0712,D100
CO0721,D100
CO0722,D100
CO0731,D100
CO0732,D100
CO0741,D100
CO0742,D100
CO0751,D100
CO0752,D100
CO0761,D100
CO0762,D100
CO0811,D100
CO0812,D100
CO0821,D100
CO0822,D100
CO0831,D100
CO0832,D100
CO0841,D100
CO0842,D100
CO0851,D100
CO0852,D100
CO0861,D100
CO0862,D100
CO0911,D100
CO0912,D100
CO0921,D100
CO0922,D100
CO0931,D100
CO0932,D100
CO0941,D100
CO0942,D100
CO0951,D100
CO0952,D100
CO0961,D100
CO0962,D100
CO1011,D100
CO1012,D100
CO1021,D100
CO1022,D100
CO1031,D100
CO1032,D100
CO1041,D100
CO1042,D100
CO1051,D100
CO1052,D100
CO1061,D100
CO1062,D100
CO1111,D100
CO1112,D100
CO1121,D100
CO1122,D100
CO1131,D100
CO1132,D100
CO1141,D100
CO1142,D100
CO1151,D100
CO1152,D100
CO1161,D100
CO1162,D100
CO1211,D100
CO1212,D100
CO1221,D100
CO1222,D100
CO1231,D100
CO1232,D100
CO1241,D100
CO1242,D100
CO1251,D100
CO1252,D100
CO1261,D100
CO1262,D100
CO1311,D100
CO1312,D100
CO1321,D100
CO1322,D100
CO1331,D100
CO1332,D100
CO1341,D100
CO1342,D100
CO1351,D100
CO1352,D100
CO1361,D100
CO1362,D100
CO1411,D100
CO1412,D100
CO1421,D100
CO1422,D100
CO1431,D100
CO1432,D100
CO1441,D100
CO1442,D100
CO1451,D100
CO1452,D100
CO1461,D100
CO1462,D100
CO1511,D100
CO1512,D100
CO1521,D100
CO1522,D100
CO1531,D100
CO1532,D100
CO1541,D100
CO1542,D100
CO1551,D100
CO1552,D100
CO1561,D100
CO1562,D100
CO1611,D100
CO1612,D100
CO1621,D100
CO1622,D100
CO1631,D100
CO1632,D100
CO1641,D100
CO1642,D100
CO1651,D100
CO1652,D100
CO1661,D100
CO1662,D100
CO1741,D100
CO1742,D100
CO1743,D100
CO1751,D100
CO1752,D100
CO1753,D100
CO1841,D100
CO1842,D100
CO1843,D100
CO1851,D100
CO1852,D100
CO1853,D100
CO2011,D100
CO2012,D100
CO2021,D100
CO2022,D100
CO2031,D100
CO2032,D100
CO2041,D100
CO2042,D100
CO2051,D100
CO2052,D100
CO2111,D100
CO2112,D100
CO2121,D100
CO2122,D100
CO2131,D100
CO2132,D100
CO2141,D100
CO2142,D100
CO2151,D100
CO2152,D100
CO2211,D100
CO2212,D100
CO2221,D100
CO2222,D100
CO2231,D100
CO2232,D100
CO2241,D100
CO2242,D100
CO2251,D100
CO2252,D100
CO2311,D100
CO2312,D100
CO2321,D100
CO2322,D100
CO2331,D100
CO2332,D100
CO2341,D100
CO2342,D100
CO2351,D100
CO2352,D100
CO2411,D100
CO2412,D100
CO2421,D100
CO2422,D100
CO2431,D100
CO2432,D100
CO2441,D100
CO2442,D100
CO2451,D100
CO2452,D100
CO2461,D100
CO2462,D100
CO2511,D100
CO2512,D100
CO2521,D100
CO2522,D100
CO2531,D100
CO2532,D100
CO2541,D100
CO2542,D100
CO2551,D100
CO2552,D100
CO2561,D100
CO2562,D100
CO2611,D100
CO2612,D100
CO2621,D100
CO2622,D100
CO2631,D100
CO2632,D100
CO2641,D100
CO2642,D100
CO2651,D100
CO2652,D100
CO2661,D100
CO2662,D100
CO2711,D100
CO2712,D100
CO2721,D100
CO2722,D100
CO2731,D100
CO2732,D100
CO2741,D100
CO2742,D100
CO2751,D100
CO2752,D100
CO2761,D100
CO2762,D100
CO2811,D100
CO2812,D100
CO2821,D100
CO2822,D100
CO2831,D100
CO2832,D100
CO2841,D100
CO2842,D100
CO2851,D100
CO2852,D100
CO2861,D100
CO2862,D100
CO2911,D100
CO2912,D100
CO2921,D100
CO2922,D100
CO2931,D100
CO2932,D100
CO2941,D100
CO2942,D100
CO2951,D100
CO2952,D100
CO2961,D100
CO2962,D100
CO3011,D100
CO3012,D100
CO3021,D100
CO3022,D100
CO3031,D100
CO3032,D100
CO3041,D100
CO3042,D100
CO3051,D100
CO3052,D100
CO3061,D100
CO3062,D100
CO3111,D100
CO3112,D100
CO3121,D100
CO3122,D100
CO3131,D100
CO3132,D100
CO3141,D100
CO3142,D100
CO3151,D100
CO3152,D100
CO3161,D100
CO3162,D100
CO3211,D100
CO3212,D100
CO3221,D100
CO3222,D100
CO3231,D100
CO3232,D100
CO3241,D100
CO3242,D100
CO3251,D100
CO3252,D100
CO3261,D100
CO3262,D100
CO3311,D100
CO3312,D100
CO3321,D100
CO3322,D100
CO3331,D100
CO3332,D100
CO3341,D100
CO3342,D100
CO3351,D100
CO3352,D100
CO3361,D100
CO3362,D100
CO3411,D100
CO3412,D100
CO3421,D100
CO3422,D100
CO3431,D100
CO3432,D100
CO3441,D100
CO3442,D100
CO3451,D100
CO3452,D100
CO3461,D100
CO3462,D100
CO3511,D100
CO3512,D100
CO3521,D100
CO3522,D100
CO3531,D100
CO3532,D100
CO3541,D100
CO3542,D100
CO3551,D100
CO3552,D100
CO3561,D100
CO3562,D100
CO3641,D100
CO3642,D100
CO3643,D100
CO3651,D100
CO3652,D100
CO3653,D100
CO3741,D100
CO3742,D100
CO3743,D100
CO3751,D100
CO3752,D100
CO3753,D100
CP0511,D100
CP0512,D100
CP0521,D100
CP0522,D100
CP0531,D100
CP0532,D100
CP0541,D100
CP0542,D100
CP0551,D100
CP0552,D100
CP0561,D100
CP0562,D100
CP0611,D100
CP0612,D100
CP0621,D100
CP0622,D100
CP0631,D100
CP0632,D100
CP0641,D100
CP0642,D100
CP0651,D100
CP0652,D100
CP0661,D100
CP0662,D100
CP0711,D100
CP0712,D100
CP0721,D100
CP0722,D100
CP0731,D100
CP0732,D100
CP0741,D100
CP0742,D100
CP0751,D100
CP0752,D100
CP0761,D100
CP0762,D100
CP0811,D100
CP0812,D100
CP0821,D100
CP0822,D100
CP0831,D100
CP0832,D100
CP0841,D100
CP0842,D100
CP0851,D100
CP0852,D100
CP0861,D100
CP0862,D100
CP0911,D100
CP0912,D100
CP0921,D100
CP0922,D100
CP0931,D100
CP0932,D100
CP0941,D100
CP0942,D100
CP0951,D100
CP0952,D100
CP0961,D100
CP0962,D100
CP1011,D100
CP1012,D100
CP1021,D100
CP1022,D100
CP1031,D100
CP1032,D100
CP1041,D100
CP1042,D100
CP1051,D100
CP1052,D100
CP1061,D100
CP1062,D100
CP1111,D100
CP1112,D100
CP1121,D100
CP1122,D100
CP1131,D100
CP1132,D100
CP1141,D100
CP1142,D100
CP1151,D100
CP1152,D100
CP1161,D100
CP1162,D100
CP1211,D100
CP1212,D100
CP1221,D100
CP1222,D100
CP1231,D100
CP1232,D100
CP1241,D100
CP1242,D100
CP1251,D100
CP1252,D100
CP1261,D100
CP1262,D100
CP1311,D100
CP1312,D100
CP1321,D100
CP1322,D100
CP1331,D100
CP1332,D100
CP1341,D100
CP1342,D100
CP1351,D100
CP1352,D100
CP1361,D100
CP1362,D100
CP1411,D100
CP1412,D100
CP1421,D100
CP1422,D100
CP1431,D100
CP1432,D100
CP1441,D100
CP1442,D100
CP1451,D100
CP1452,D100
CP1461,D100
CP1462,D100
CP1511,D100
CP1512,D100
CP1521,D100
CP1522,D100
CP1531,D100
CP1532,D100
CP1541,D100
CP1542,D100
CP1551,D100
CP1552,D100
CP1561,D100
CP1562,D100
CP1611,D100
CP1612,D100
CP1621,D100
CP1622,D100
CP1631,D100
CP1632,D100
CP1641,D100
CP1642,D100
CP1651,D100
CP1652,D100
CP1661,D100
CP1662,D100
CP1741,D100
CP1742,D100
CP1743,D100
CP1751,D100
CP1752,D100
CP1753,D100
CP1841,D100
CP1842,D100
CP1843,D100
CP1851,D100
CP1852,D100
CP1853,D100
CP2111,D100
CP2112,D100
CP2121,D100
CP2122,D100
CP2131,D100
CP2132,D100
CP2141,D100
CP2142,D100
CP2151,D100
CP2152,D100
CP2311,D100
CP2312,D100
CP2321,D100
CP2322,D100
CP2331,D100
CP2332,D100
CP2341,D100
CP2342,D100
CP2351,D100
CP2352,D100
CP2511,D100
CP2512,D100
CP2521,D100
CP2522,D100
CP2531,D100
CP2532,D100
CP2541,D100
CP2542,D100
CP2551,D100
CP2552,D100
CP2561,D100
CP2562,D100
CP2611,D100
CP2612,D100
CP2621,D100
CP2622,D100
CP2631,D100
CP2632,D100
CP2641,D100
CP2642,D100
CP2651,D100
CP2652,D100
CP2661,D100
CP2662,D100
CP2711,D100
CP2712,D100
CP2721,D100
CP2722,D100
CP2731,D100
CP2732,D100
CP2741,D100
CP2742,D100
CP2751,D100
CP2752,D100
CP2761,D100
CP2762,D100
CP2811,D100
CP2812,D100
CP2821,D100
CP2822,D100
CP2831,D100
CP2832,D100
CP2841,D100
CP2842,D100
CP2851,D100
CP2852,D100
CP2861,D100
CP2862,D100
CP2911,D100
CP2912,D100
CP2921,D100
CP2922,D100
CP2931,D100
CP2932,D100
CP2941,D100
CP2942,D100
CP2951,D100
CP2952,D100
CP2961,D100
CP2962,D100
CP3011,D100
CP3012,D100
CP3021,D100
CP3022,D100
CP3031,D100
CP3032,D100
CP3041,D100
CP3042,D100
CP3051,D100
CP3052,D100
CP3061,D100
CP3062,D100
CP3111,D100
CP3112,D100
CP3121,D100
CP3122,D100
CP3131,D100
CP3132,D100
CP3141,D100
CP3142,D100
CP3151,D100
CP3152,D100
CP3161,D100
CP3162,D100
CP3211,D100
CP3212,D100
CP3221,D100
CP3222,D100
CP3231,D100
CP3232,D100
CP3241,D100
CP3242,D100
CP3251,D100
CP3252,D100
CP3261,D100
CP3262,D100
CP3311,D100
CP3312,D100
CP3321,D100
CP3322,D100
CP3331,D100
CP3332,D100
CP3341,D100
CP3342,D100
CP3351,D100
CP3352,D100
CP3361,D100
CP3362,D100
CP3411,D100
CP3412,D100
CP3421,D100
CP3422,D100
CP3431,D100
CP3432,D100
CP3441,D100
CP3442,D100
CP3451,D100
CP3452,D100
CP3461,D100
CP3462,D100
CP3511,D100
CP3512,D100
CP3521,D100
CP3522,D100
CP3531,D100
CP3532,D100
CP3541,D100
CP3542,D100
CP3551,D100
CP3552,D100
CP3561,D100
CP3562,D100
CP3641,D100
CP3642,D100
CP3643,D100
CP3651,D100
CP3652,D100
CP3653,D100
CP3741,D100
CP3742,D100
CP3743,D100
CP3751,D100
CP3752,D100
CP3753,D100
CL2011,D100
CL2012,D100
CL2021,D100
CL2022,D100
CL2031,D100
CL2032,D100
CL2041,D100
CL2042,D100
CL2051,D100
CL2052,D100
CL2111,D100
CL2112,D100
CL2121,D100
CL2122,D100
CL2131,D100
CL2132,D100
CL2141,D100
CL2142,D100
CL2151,D100
CL2152,D100
CL2211,D100
CL2212,D100
CL2221,D100
CL2222,D100
CL2231,D100
CL2232,D100
CL2241,D100
CL2242,D100
CL2251,D100
CL2252,D100
CL2311,D100
CL2312,D100
CL2321,D100
CL2322,D100
CL2331,D100
CL2332,D100
CL2341,D100
CL2342,D100
CL2351,D100
CL2352,D100
CL2411,D100
CL2412,D100
CL2421,D100
CL2422,D100
CL2431,D100
CL2432,D100
CL2441,D100
CL2442,D100
CL2451,D100
CL2452,D100
CL2461,D100
CL2462,D100
CL2511,D100
CL2512,D100
CL2521,D100
CL2522,D100
CL2531,D100
CL2532,D100
CL2541,D100
CL2542,D100
CL2551,D100
CL2552,D100
CL2561,D100
CL2562,D100
CL2611,D100
CL2612,D100
CL2621,D100
CL2622,D100
CL2631,D100
CL2632,D100
CL2641,D100
CL2642,D100
CL2651,D100
CL2652,D100
CL2661,D100
CL2662,D100
CL2711,D100
CL2712,D100
CL2721,D100
CL2722,D100
CL2731,D100
CL2732,D100
CL2741,D100
CL2742,D100
CL2751,D100
CL2752,D100
CL2761,D100
CL2762,D100
CL2811,D100
CL2812,D100
CL2821,D100
CL2822,D100
CL2831,D100
CL2832,D100
CL2841,D100
CL2842,D100
CL2851,D100
CL2852,D100
CL2861,D100
CL2862,D100
CL2911,D100
CL2912,D100
CL2921,D100
CL2922,D100
CL2931,D100
CL2932,D100
CL2941,D100
CL2942,D100
CL2951,D100
CL2952,D100
CL2961,D100
CL2962,D100
CL3011,D100
CL3012,D100
CL3021,D100
CL3022,D100
CL3031,D100
CL3032,D100
CL3041,D100
CL3042,D100
CL3051,D100
CL3052,D100
CL3061,D100
CL3062,D100
CL3111,D100
CL3112,D100
CL3121,D100
CL3122,D100
CL3131,D100
CL3132,D100
CL3141,D100
CL3142,D100
CL3151,D100
CL3152,D100
CL3161,D100
CL3162,D100
CL3211,D100
CL3212,D100
CL3221,D100
CL3222,D100
CL3231,D100
CL3232,D100
CL3241,D100
CL3242,D100
CL3251,D100
CL3252,D100
CL3261,D100
CL3262,D100
CL3311,D100
CL3312,D100
CL3321,D100
CL3322,D100
CL3331,D100
CL3332,D100
CL3341,D100
CL3342,D100
CL3351,D100
CL3352,D100
CL3361,D100
CL3362,D100
CL3411,D100
CL3412,D100
CL3421,D100
CL3422,D100
CL3431,D100
CL3432,D100
CL3441,D100
CL3442,D100
CL3451,D100
CL3452,D100
CL3461,D100
CL3462,D100
CL3511,D100
CL3512,D100
CL3521,D100
CL3522,D100
CL3531,D100
CL3532,D100
CL3541,D100
CL3542,D100
CL3551,D100
CL3552,D100
CL3561,D100
CL3562,D100
CL3641,D100
CL3642,D100
CL3643,D100
CL3651,D100
CL3652,D100
CL3653,D100
CL3741,D100
CL3742,D100
CL3743,D100
CL3751,D100
CL3752,D100
CL3753,D100
CLMB01,D100
CLMB02,D100
CM2011,D100
CM2012,D100
CM2021,D100
CM2022,D100
CM2031,D100
CM2032,D100
CM2041,D100
CM2042,D100
CM2051,D100
CM2052,D100
CM2111,D100
CM2112,D100
CM2121,D100
CM2122,D100
CM2131,D100
CM2132,D100
CM2141,D100
CM2142,D100
CM2151,D100
CM2152,D100
CM2211,D100
CM2212,D100
CM2221,D100
CM2222,D100
CM2231,D100
CM2232,D100
CM2241,D100
CM2242,D100
CM2251,D100
CM2252,D100
CM2311,D100
CM2312,D100
CM2321,D100
CM2322,D100
CM2331,D100
CM2332,D100
CM2341,D100
CM2342,D100
CM2351,D100
CM2352,D100
CM2411,D100
CM2412,D100
CM2421,D100
CM2422,D100
CM2431,D100
CM2432,D100
CM2441,D100
CM2442,D100
CM2451,D100
CM2452,D100
CM2461,D100
CM2462,D100
CM2511,D100
CM2512,D100
CM2521,D100
CM2522,D100
CM2531,D100
CM2532,D100
CM2541,D100
CM2542,D100
CM2551,D100
CM2552,D100
CM2561,D100
CM2562,D100
CM2611,D100
CM2612,D100
CM2621,D100
CM2622,D100
CM2631,D100
CM2632,D100
CM2641,D100
CM2642,D100
CM2651,D100
CM2652,D100
CM2661,D100
CM2662,D100
CM2711,D100
CM2712,D100
CM2721,D100
CM2722,D100
CM2731,D100
CM2732,D100
CM2741,D100
CM2742,D100
CM2751,D100
CM2752,D100
CM2761,D100
CM2762,D100
CM2811,D100
CM2812,D100
CM2821,D100
CM2822,D100
CM2831,D100
CM2832,D100
CM2841,D100
CM2842,D100
CM2851,D100
CM2852,D100
CM2861,D100
CM2862,D100
CM2911,D100
CM2912,D100
CM2921,D100
CM2922,D100
CM2931,D100
CM2932,D100
CM2941,D100
CM2942,D100
CM2951,D100
CM2952,D100
CM2961,D100
CM2962,D100
CM3011,D100
CM3012,D100
CM3021,D100
CM3022,D100
CM3031,D100
CM3032,D100
CM3041,D100
CM3042,D100
CM3051,D100
CM3052,D100
CM3061,D100
CM3062,D100
CM3111,D100
CM3112,D100
CM3121,D100
CM3122,D100
CM3131,D100
CM3132,D100
CM3141,D100
CM3142,D100
CM3151,D100
CM3152,D100
CM3161,D100
CM3162,D100
CM3211,D100
CM3212,D100
CM3221,D100
CM3222,D100
CM3231,D100
CM3232,D100
CM3241,D100
CM3242,D100
CM3251,D100
CM3252,D100
CM3261,D100
CM3262,D100
CM3311,D100
CM3312,D100
CM3321,D100
CM3322,D100
CM3331,D100
CM3332,D100
CM3341,D100
CM3342,D100
CM3351,D100
CM3352,D100
CM3361,D100
CM3362,D100
CM3411,D100
CM3412,D100
CM3421,D100
CM3422,D100
CM3431,D100
CM3432,D100
CM3441,D100
CM3442,D100
CM3451,D100
CM3452,D100
CM3461,D100
CM3462,D100
CM3511,D100
CM3512,D100
CM3521,D100
CM3522,D100
CM3531,D100
CM3532,D100
CM3541,D100
CM3542,D100
CM3551,D100
CM3552,D100
CM3561,D100
CM3562,D100
CM3641,D100
CM3642,D100
CM3643,D100
CM3651,D100
CM3652,D100
CM3653,D100
CM3741,D100
CM3742,D100
CM3743,D100
CM3751,D100
CM3752,D100
CM3753,D100
CN2011,D100
CN2012,D100
CN2021,D100
CN2022,D100
CN2031,D100
CN2032,D100
CN2041,D100
CN2042,D100
CN2051,D100
CN2052,D100
CN2111,D100
CN2112,D100
CN2121,D100
CN2122,D100
CN2131,D100
CN2132,D100
CN2141,D100
CN2142,D100
CN2151,D100
CN2152,D100
CN2211,D100
CN2212,D100
CN2221,D100
CN2222,D100
CN2231,D100
CN2232,D100
CN2241,D100
CN2242,D100
CN2251,D100
CN2252,D100
CN2311,D100
CN2312,D100
CN2321,D100
CN2322,D100
CN2331,D100
CN2332,D100
CN2341,D100
CN2342,D100
CN2351,D100
CN2352,D100
CN2411,D100
CN2412,D100
CN2421,D100
CN2422,D100
CN2431,D100
CN2432,D100
CN2441,D100
CN2442,D100
CN2451,D100
CN2452,D100
CN2461,D100
CN2462,D100
CN2511,D100
CN2512,D100
CN2521,D100
CN2522,D100
CN2531,D100
CN2532,D100
CN2541,D100
CN2542,D100
CN2551,D100
CN2552,D100
CN2561,D100
CN2562,D100
CN2611,D100
CN2612,D100
CN2621,D100
CN2622,D100
CN2631,D100
CN2632,D100
CN2641,D100
CN2642,D100
CN2651,D100
CN2652,D100
CN2661,D100
CN2662,D100
CN2711,D100
CN2712,D100
CN2721,D100
CN2722,D100
CN2731,D100
CN2732,D100
CN2741,D100
CN2742,D100
CN2751,D100
CN2752,D100
CN2761,D100
CN2762,D100
CN2811,D100
CN2812,D100
CN2821,D100
CN2822,D100
CN2831,D100
CN2832,D100
CN2841,D100
CN2842,D100
CN2851,D100
CN2852,D100
CN2861,D100
CN2862,D100
CN2911,D100
CN2912,D100
CN2921,D100
CN2922,D100
CN2931,D100
CN2932,D100
CN2941,D100
CN2942,D100
CN2951,D100
CN2952,D100
CN2961,D100
CN2962,D100
CN3011,D100
CN3012,D100
CN3021,D100
CN3022,D100
CN3031,D100
CN3032,D100
CN3041,D100
CN3042,D100
CN3051,D100
CN3052,D100
CN3061,D100
CN3062,D100
CN3111,D100
CN3112,D100
CN3121,D100
CN3122,D100
CN3131,D100
CN3132,D100
CN3141,D100
CN3142,D100
CN3151,D100
CN3152,D100
CN3161,D100
CN3162,D100
CN3211,D100
CN3212,D100
CN3221,D100
CN3222,D100
CN3231,D100
CN3232,D100
CN3241,D100
CN3242,D100
CN3251,D100
CN3252,D100
CN3261,D100
CN3262,D100
CN3311,D100
CN3312,D100
CN3321,D100
CN3322,D100
CN3331,D100
CN3332,D100
CN3341,D100
CN3342,D100
CN3351,D100
CN3352,D100
CN3361,D100
CN3362,D100
CN3411,D100
CN3412,D100
CN3421,D100
CN3422,D100
CN3431,D100
CN3432,D100
CN3441,D100
CN3442,D100
CN3451,D100
CN3452,D100
CN3461,D100
CN3462,D100
CN3511,D100
CN3512,D100
CN3521,D100
CN3522,D100
CN3531,D100
CN3532,D100
CN3541,D100
CN3542,D100
CN3551,D100
CN3552,D100
CN3561,D100
CN3562,D100
CN3641,D100
CN3642,D100
CN3643,D100
CN3651,D100
CN3652,D100
CN3653,D100
CN3741,D100
CN3742,D100
CN3743,D100
CN3751,D100
CN3752,D100
CN3753,D100
CO2011,D100
CO2012,D100
CO2021,D100
CO2022,D100
CO2031,D100
CO2032,D100
CO2041,D100
CO2042,D100
CO2051,D100
CO2052,D100
CO2111,D100
CO2112,D100
CO2121,D100
CO2122,D100
CO2131,D100
CO2132,D100
CO2141,D100
CO2142,D100
CO2151,D100
CO2152,D100
CO2211,D100
CO2212,D100
CO2221,D100
CO2222,D100
CO2231,D100
CO2232,D100
CO2241,D100
CO2242,D100
CO2251,D100
CO2252,D100
CO2311,D100
CO2312,D100
CO2321,D100
CO2322,D100
CO2331,D100
CO2332,D100
CO2341,D100
CO2342,D100
CO2351,D100
CO2352,D100
CO2411,D100
CO2412,D100
CO2421,D100
CO2422,D100
CO2431,D100
CO2432,D100
CO2441,D100
CO2442,D100
CO2451,D100
CO2452,D100
CO2461,D100
CO2462,D100
CO2511,D100
CO2512,D100
CO2521,D100
CO2522,D100
CO2531,D100
CO2532,D100
CO2541,D100
CO2542,D100
CO2551,D100
CO2552,D100
CO2561,D100
CO2562,D100
CO2611,D100
CO2612,D100
CO2621,D100
CO2622,D100
CO2631,D100
CO2632,D100
CO2641,D100
CO2642,D100
CO2651,D100
CO2652,D100
CO2661,D100
CO2662,D100
CO2711,D100
CO2712,D100
CO2721,D100
CO2722,D100
CO2731,D100
CO2732,D100
CO2741,D100
CO2742,D100
CO2751,D100
CO2752,D100
CO2761,D100
CO2762,D100
CO2811,D100
CO2812,D100
CO2821,D100
CO2822,D100
CO2831,D100
CO2832,D100
CO2841,D100
CO2842,D100
CO2851,D100
CO2852,D100
CO2861,D100
CO2862,D100
CO2911,D100
CO2912,D100
CO2921,D100
CO2922,D100
CO2931,D100
CO2932,D100
CO2941,D100
CO2942,D100
CO2951,D100
CO2952,D100
CO2961,D100
CO2962,D100
CO3011,D100
CO3012,D100
CO3021,D100
CO3022,D100
CO3031,D100
CO3032,D100
CO3041,D100
CO3042,D100
CO3051,D100
CO3052,D100
CO3061,D100
CO3062,D100
CO3111,D100
CO3112,D100
CO3121,D100
CO3122,D100
CO3131,D100
CO3132,D100
CO3141,D100
CO3142,D100
CO3151,D100
CO3152,D100
CO3161,D100
CO3162,D100
CO3211,D100
CO3212,D100
CO3221,D100
CO3222,D100
CO3231,D100
CO3232,D100
CO3241,D100
CO3242,D100
CO3251,D100
CO3252,D100
CO3261,D100
CO3262,D100
CO3311,D100
CO3312,D100
CO3321,D100
CO3322,D100
CO3331,D100
CO3332,D100
CO3341,D100
CO3342,D100
CO3351,D100
CO3352,D100
CO3361,D100
CO3362,D100
CO3411,D100
CO3412,D100
CO3421,D100
CO3422,D100
CO3431,D100
CO3432,D100
CO3441,D100
CO3442,D100
CO3451,D100
CO3452,D100
CO3461,D100
CO3462,D100
CO3511,D100
CO3512,D100
CO3521,D100
CO3522,D100
CO3531,D100
CO3532,D100
CO3541,D100
CO3542,D100
CO3551,D100
CO3552,D100
CO3561,D100
CO3562,D100
CO3641,D100
CO3642,D100
CO3643,D100
CO3651,D100
CO3652,D100
CO3653,D100
CO3741,D100
CO3742,D100
CO3743,D100
CO3751,D100
CO3752,D100
CO3753,D100
CP2111,D100
CP2112,D100
CP2121,D100
CP2122,D100
CP2131,D100
CP2132,D100
CP2141,D100
CP2142,D100
CP2151,D100
CP2152,D100
CP2211,D100
CP2311,D100
CP2312,D100
CP2321,D100
CP2322,D100
CP2331,D100
CP2332,D100
CP2341,D100
CP2342,D100
CP2351,D100
CP2352,D100
CP2511,D100
CP2512,D100
CP2521,D100
CP2522,D100
CP2531,D100
CP2532,D100
CP2541,D100
CP2542,D100
CP2551,D100
CP2552,D100
CP2561,D100
CP2562,D100
CP2611,D100
CP2612,D100
CP2621,D100
CP2622,D100
CP2631,D100
CP2632,D100
CP2641,D100
CP2642,D100
CP2651,D100
CP2652,D100
CP2661,D100
CP2662,D100
CP2711,D100
CP2712,D100
CP2721,D100
CP2722,D100
CP2731,D100
CP2732,D100
CP2741,D100
CP2742,D100
CP2751,D100
CP2752,D100
CP2761,D100
CP2762,D100
CP2811,D100
CP2812,D100
CP2821,D100
CP2822,D100
CP2831,D100
CP2832,D100
CP2841,D100
CP2842,D100
CP2851,D100
CP2852,D100
CP2861,D100
CP2862,D100
CP2911,D100
CP2912,D100
CP2921,D100
CP2922,D100
CP2931,D100
CP2932,D100
CP2941,D100
CP2942,D100
CP2951,D100
CP2952,D100
CP2961,D100
CP2962,D100
CP3011,D100
CP3012,D100
CP3021,D100
CP3022,D100
CP3031,D100
CP3032,D100
CP3041,D100
CP3042,D100
CP3051,D100
CP3052,D100
CP3061,D100
CP3062,D100
CP3111,D100
CP3112,D100
CP3121,D100
CP3122,D100
CP3131,D100
CP3132,D100
CP3141,D100
CP3142,D100
CP3151,D100
CP3152,D100
CP3161,D100
CP3162,D100
CP3211,D100
CP3212,D100
CP3221,D100
CP3222,D100
CP3231,D100
CP3232,D100
CP3241,D100
CP3242,D100
CP3251,D100
CP3252,D100
CP3261,D100
CP3262,D100
CP3311,D100
CP3312,D100
CP3321,D100
CP3322,D100
CP3331,D100
CP3332,D100
CP3341,D100
CP3342,D100
CP3351,D100
CP3352,D100
CP3361,D100
CP3362,D100
CP3411,D100
CP3412,D100
CP3421,D100
CP3422,D100
CP3431,D100
CP3432,D100
CP3441,D100
CP3442,D100
CP3451,D100
CP3452,D100
CP3461,D100
CP3462,D100
CP3511,D100
CP3512,D100
CP3521,D100
CP3522,D100
CP3531,D100
CP3532,D100
CP3541,D100
CP3542,D100
CP3551,D100
CP3552,D100
CP3561,D100
CP3562,D100
CP3641,D100
CP3642,D100
CP3643,D100
CP3651,D100
CP3652,D100
CP3653,D100
CP3741,D100
CP3742,D100
CP3743,D100
CP3751,D100
CP3752,D100
CP3753,D100
CQ0511,D100
CQ0512,D100
CQ0521,D100
CQ0522,D100
CQ0531,D100
CQ0532,D100
CQ0541,D100
CQ0542,D100
CQ0551,D100
CQ0552,D100
CQ0561,D100
CQ0562,D100
CQ0611,D100
CQ0612,D100
CQ0621,D100
CQ0622,D100
CQ0631,D100
CQ0632,D100
CQ0641,D100
CQ0642,D100
CQ0651,D100
CQ0652,D100
CQ0661,D100
CQ0662,D100
CQ0711,D100
CQ0712,D100
CQ0721,D100
CQ0722,D100
CQ0731,D100
CQ0732,D100
CQ0741,D100
CQ0742,D100
CQ0751,D100
CQ0752,D100
CQ0761,D100
CQ0762,D100
CQ0811,D100
CQ0812,D100
CQ0821,D100
CQ0822,D100
CQ0831,D100
CQ0832,D100
CQ0841,D100
CQ0842,D100
CQ0851,D100
CQ0852,D100
CQ0861,D100
CQ0862,D100
CQ0911,D100
CQ0912,D100
CQ0921,D100
CQ0922,D100
CQ0931,D100
CQ0932,D100
CQ0941,D100
CQ0942,D100
CQ0951,D100
CQ0952,D100
CQ0961,D100
CQ0962,D100
CQ1011,D100
CQ1012,D100
CQ1021,D100
CQ1022,D100
CQ1031,D100
CQ1032,D100
CQ1041,D100
CQ1042,D100
CQ1051,D100
CQ1052,D100
CQ1061,D100
CQ1062,D100
CQ1111,D100
CQ1112,D100
CQ1121,D100
CQ1122,D100
CQ1131,D100
CQ1132,D100
CQ1141,D100
CQ1142,D100
CQ1151,D100
CQ1152,D100
CQ1161,D100
CQ1162,D100
CQ1211,D100
CQ1212,D100
CQ1221,D100
CQ1222,D100
CQ1231,D100
CQ1232,D100
CQ1241,D100
CQ1242,D100
CQ1251,D100
CQ1252,D100
CQ1261,D100
CQ1262,D100
CQ1311,D100
CQ1312,D100
CQ1321,D100
CQ1322,D100
CQ1331,D100
CQ1332,D100
CQ1341,D100
CQ1342,D100
CQ1351,D100
CQ1352,D100
CQ1361,D100
CQ1362,D100
CQ1411,D100
CQ1412,D100
CQ1421,D100
CQ1422,D100
CQ1431,D100
CQ1432,D100
CQ1441,D100
CQ1442,D100
CQ1451,D100
CQ1452,D100
CQ1461,D100
CQ1462,D100
CQ1511,D100
CQ1512,D100
CQ1521,D100
CQ1522,D100
CQ1531,D100
CQ1532,D100
CQ1541,D100
CQ1542,D100
CQ1551,D100
CQ1552,D100
CQ1561,D100
CQ1562,D100
CQ1611,D100
CQ1612,D100
CQ1621,D100
CQ1622,D100
CQ1631,D100
CQ1632,D100
CQ1641,D100
CQ1642,D100
CQ1651,D100
CQ1652,D100
CQ1661,D100
CQ1662,D100
CQ1741,D100
CQ1742,D100
CQ1743,D100
CQ1751,D100
CQ1752,D100
CQ1753,D100
CQ1841,D100
CQ1842,D100
CQ1843,D100
CQ1851,D100
CQ1852,D100
CQ1853,D100
CQ2011,D100
CQ2012,D100
CQ2021,D100
CQ2022,D100
CQ2031,D100
CQ2032,D100
CQ2041,D100
CQ2042,D100
CQ2051,D100
CQ2052,D100
CQ2111,D100
CQ2112,D100
CQ2121,D100
CQ2122,D100
CQ2131,D100
CQ2132,D100
CQ2141,D100
CQ2142,D100
CQ2151,D100
CQ2152,D100
CQ2211,D100
CQ2212,D100
CQ2221,D100
CQ2222,D100
CQ2231,D100
CQ2232,D100
CQ2241,D100
CQ2242,D100
CQ2251,D100
CQ2252,D100
CQ2311,D100
CQ2312,D100
CQ2321,D100
CQ2322,D100
CQ2331,D100
CQ2332,D100
CQ2341,D100
CQ2342,D100
CQ2351,D100
CQ2352,D100
CQ2411,D100
CQ2412,D100
CQ2421,D100
CQ2422,D100
CQ2431,D100
CQ2432,D100
CQ2441,D100
CQ2442,D100
CQ2451,D100
CQ2452,D100
CQ2461,D100
CQ2462,D100
CQ2511,D100
CQ2512,D100
CQ2521,D100
CQ2522,D100
CQ2531,D100
CQ2532,D100
CQ2541,D100
CQ2542,D100
CQ2551,D100
CQ2552,D100
CQ2561,D100
CQ2562,D100
CQ2611,D100
CQ2612,D100
CQ2621,D100
CQ2622,D100
CQ2631,D100
CQ2632,D100
CQ2641,D100
CQ2642,D100
CQ2651,D100
CQ2652,D100
CQ2661,D100
CQ2662,D100
CQ2711,D100
CQ2712,D100
CQ2721,D100
CQ2722,D100
CQ2731,D100
CQ2732,D100
CQ2741,D100
CQ2742,D100
CQ2751,D100
CQ2752,D100
CQ2761,D100
CQ2762,D100
CQ2811,D100
CQ2812,D100
CQ2821,D100
CQ2822,D100
CQ2831,D100
CQ2832,D100
CQ2841,D100
CQ2842,D100
CQ2851,D100
CQ2852,D100
CQ2861,D100
CQ2862,D100
CQ2911,D100
CQ2912,D100
CQ2921,D100
CQ2922,D100
CQ2931,D100
CQ2932,D100
CQ2941,D100
CQ2942,D100
CQ2951,D100
CQ2952,D100
CQ2961,D100
CQ2962,D100
CQ3011,D100
CQ3012,D100
CQ3021,D100
CQ3022,D100
CQ3031,D100
CQ3032,D100
CQ3041,D100
CQ3042,D100
CQ3051,D100
CQ3052,D100
CQ3061,D100
CQ3062,D100
CQ3111,D100
CQ3112,D100
CQ3121,D100
CQ3122,D100
CQ3131,D100
CQ3132,D100
CQ3141,D100
CQ3142,D100
CQ3151,D100
CQ3152,D100
CQ3161,D100
CQ3162,D100
CQ3211,D100
CQ3212,D100
CQ3221,D100
CQ3222,D100
CQ3231,D100
CQ3232,D100
CQ3241,D100
CQ3242,D100
CQ3251,D100
CQ3252,D100
CQ3261,D100
CQ3262,D100
CQ3311,D100
CQ3312,D100
CQ3321,D100
CQ3322,D100
CQ3331,D100
CQ3332,D100
CQ3341,D100
CQ3342,D100
CQ3351,D100
CQ3352,D100
CQ3361,D100
CQ3362,D100
CQ3411,D100
CQ3412,D100
CQ3421,D100
CQ3422,D100
CQ3431,D100
CQ3432,D100
CQ3441,D100
CQ3442,D100
CQ3451,D100
CQ3452,D100
CQ3461,D100
CQ3462,D100
CQ3511,D100
CQ3512,D100
CQ3521,D100
CQ3522,D100
CQ3531,D100
CQ3532,D100
CQ3541,D100
CQ3542,D100
CQ3551,D100
CQ3552,D100
CQ3561,D100
CQ3562,D100
CQ3641,D100
CQ3642,D100
CQ3643,D100
CQ3651,D100
CQ3652,D100
CQ3653,D100
CQ3741,D100
CQ3742,D100
CQ3743,D100
CQ3751,D100
CQ3752,D100
CQ3753,D100
